FID_left,OBJECTID,ULAND,UREGBEZ,UKREIS,UGEMEINDE,UJAHR,UMONAT,USTUNDE,UWOCHENTAG,UKATEGORIE,UART,UTYP1,ULICHTVERH,IstStrasse,IstRad,IstPKW,IstFuss,IstKrad,IstGkfz,IstSonstig,LINREFX,LINREFY,XGCSWGS84,YGCSWGS84,index_right,FID_right,SBZ,Name
123237,123238,14,7,13,000,2016,03,18,3,3,5,3,0,0,0,1,0,0,0,0,"731574,748700000000000","5693444,824599999900000",12.325344354,51.345026943,7,7,7,Alt-West
123238,123239,14,7,13,000,2016,04,13,3,3,4,2,0,0,1,1,0,0,0,0,"737284,783799999980000","5694417,306699999600000",12.407833111,51.351401644,1,1,1,Nordost
123243,123244,14,7,13,000,2016,04,14,2,3,0,7,0,0,0,1,1,0,0,0,"737153,031899999940000","5691285,400299999900000",12.403859457,51.323344357,3,3,3,Südost
123247,123248,14,7,13,000,2016,03,18,3,3,5,1,0,0,1,1,0,0,0,0,"732773,022600000030000","5691349,382899999600000",12.341150743,51.325727506,5,5,5,Südwest
123250,123251,14,7,13,000,2016,04,16,6,3,4,5,0,0,0,1,0,0,0,1,"735849,177400000040000","5695002,156899999800000",12.387641651,51.357248875,9,9,9,Nord
123251,123252,14,7,13,000,2016,04,10,5,3,6,2,0,0,0,1,1,0,0,0,"735276,083199999990000","5691043,361999999700000",12.376810295,51.321950959,4,4,4,Süd
123255,123256,14,7,13,000,2016,04,17,6,2,6,7,0,0,0,0,1,0,0,1,"730826,473699999970000","5691869,387199999800000",12.313597749,51.331188656,7,7,7,Alt-West
123256,123257,14,7,13,000,2016,03,19,5,3,5,3,2,1,0,1,0,1,0,0,"733801,130000000000000","5695795,718999999600000",12.358800407,51.365218555,9,9,9,Nord
123258,123259,14,7,13,000,2016,03,22,3,3,5,3,2,0,0,1,0,0,0,0,"730992,841600000040000","5688491,321800000000000",12.31379386,51.300796391,5,5,5,Südwest
123260,123261,14,7,13,000,2016,04,18,4,3,2,6,0,0,0,1,0,0,0,0,"737085,303300000030000","5697111,783400000100000",12.406769674,51.375670612,1,1,1,Nordost
123262,123263,14,7,13,000,2016,04,14,6,3,5,3,0,0,1,1,0,0,0,0,"741702,883599999940000","5695606,457399999700000",12.47196868,51.360213376,2,2,2,Ost
123263,123264,14,7,13,000,2016,03,17,3,3,5,3,0,0,0,1,0,1,0,0,"738086,196000000000000","5697557,152999999900000",12.421422758,51.379249487,1,1,1,Nordost
123264,123265,14,7,13,000,2016,03,22,5,3,5,3,2,1,0,1,0,1,0,0,"731388,562400000050000","5696693,303100000100000",12.324788446,51.374263702,8,8,8,Nordwest
123265,123266,14,7,13,000,2016,03,18,3,3,5,2,0,0,1,1,0,0,0,0,"734207,913700000030000","5692894,037399999800000",12.362724056,51.339004211,0,0,0,Mitte
123268,123269,14,7,13,000,2016,03,21,3,3,5,3,2,0,0,1,0,0,0,1,"742262,523099999990000","5694676,233300000400000",12.479358489,51.35162597,2,2,2,Ost
123272,123273,14,7,13,000,2016,04,19,3,3,5,6,1,0,0,1,0,0,0,0,"736550,160400000050000","5693450,543300000000000",12.396660202,51.343030026,2,2,2,Ost
123275,123276,14,7,13,000,2016,03,16,3,2,4,2,0,0,0,1,0,1,0,0,"729591,837000000060000","5694730,648000000000000",12.297750603,51.357374081,7,7,7,Alt-West
123276,123277,14,7,13,000,2016,04,21,3,3,5,3,2,0,1,0,0,0,0,1,"735556,815399999960000","5692942,047500000300000",12.382087024,51.338878017,0,0,0,Mitte
123280,123281,14,7,13,000,2016,04,13,2,3,2,6,0,0,0,1,0,1,0,0,"736568,405900000010000","5697166,819899999500000",12.399392864,51.376380172,1,1,1,Nordost
123282,123283,14,7,13,000,2016,04,14,6,3,2,6,0,0,1,1,0,0,0,0,"734331,312200000040000","5696090,546000000100000",12.366597202,51.367646611,9,9,9,Nord
123286,123287,14,7,13,000,2016,04,07,3,3,5,3,0,0,1,1,0,0,0,0,"735144,334000000030000","5689216,680200000300000",12.373718702,51.305608375,4,4,4,Süd
123287,123288,14,7,13,000,2016,04,03,2,3,9,1,2,1,0,1,0,0,0,0,"740817,604199999940000","5696638,136099999800000",12.459975472,51.369849104,1,1,1,Nordost
123288,123289,14,7,13,000,2016,04,15,6,3,5,3,0,0,1,1,0,0,0,0,"738148,771199999960000","5694781,056300000300000",12.420461212,51.35430531,1,1,1,Nordost
123290,123291,14,7,13,000,2016,04,09,3,3,0,7,0,0,0,1,0,1,0,0,"736732,134199999970000","5688860,888299999800000",12.396220768,51.301756724,4,4,4,Süd
123294,123295,14,7,13,000,2016,04,05,4,3,5,2,1,0,1,0,0,0,1,0,"734804,681600000010000","5692524,891599999700000",12.371033139,51.335444515,0,0,0,Mitte
123296,123297,14,7,13,000,2016,04,14,6,3,4,2,0,0,0,1,0,1,0,0,"731409,790200000050000","5691636,789900000200000",12.32180534,51.328863652,7,7,7,Alt-West
123297,123298,14,7,13,000,2016,04,10,2,3,2,6,0,0,0,1,0,0,0,0,"738842,862100000030000","5687154,470800000200000",12.425302739,51.285558577,3,3,3,Südost
123304,123305,14,7,13,000,2016,04,09,6,3,5,3,0,0,1,1,0,0,0,0,"734406,506100000000000","5692971,230899999800000",12.36562094,51.339615308,0,0,0,Mitte
123310,123311,14,7,13,000,2016,04,20,4,2,6,4,2,0,0,1,1,0,0,0,"729483,373999999950000","5689827,361999999700000",12.293036959,51.313400579,6,6,6,West
123315,123316,14,7,13,000,2016,04,15,4,3,2,6,0,0,0,1,0,0,0,0,"729833,344500000010000","5694454,094100000300000",12.301034697,51.354793831,7,7,7,Alt-West
123316,123317,14,7,13,000,2016,04,12,7,3,1,6,0,0,0,1,0,0,0,0,"736352,898999999980000","5699923,538200000300000",12.398136468,51.401214431,9,9,9,Nord
123325,123326,14,7,13,000,2016,04,09,6,2,5,3,0,0,1,1,0,0,0,0,"734136,797600000050000","5695564,440899999800000",12.363461461,51.363004268,9,9,9,Nord
123327,123328,14,7,13,000,2016,04,16,3,3,5,3,0,0,1,1,0,0,0,0,"735891,382600000010000","5694555,195899999700000",12.387950447,51.353219338,9,9,9,Nord
123332,123333,14,7,13,000,2016,04,14,6,3,2,6,0,0,1,1,0,0,0,0,"731082,070799999990000","5696470,903699999700000",12.320247887,51.37239205,8,8,8,Nordwest
123334,123335,14,7,13,000,2016,04,16,2,3,4,2,0,0,0,1,0,0,0,0,"738813,349200000060000","5696081,121399999600000",12.430860704,51.365695604,1,1,1,Nordost
123335,123336,14,7,13,000,2016,04,07,2,3,1,5,0,0,1,0,0,0,0,1,"736277,630099999950000","5691098,329800000400000",12.391194499,51.322029363,0,0,0,Mitte
123336,123337,14,7,13,000,2016,04,14,6,2,5,3,0,0,1,1,0,0,0,0,"741647,428100000020000","5693992,515599999600000",12.470077853,51.345751113,2,2,2,Ost
123349,123350,14,7,13,000,2016,04,08,5,3,5,3,0,0,1,1,0,0,0,0,"732776,298900000050000","5691353,249699999600000",12.341200209,51.325760877,5,5,5,Südwest
123351,123352,14,7,13,000,2016,04,15,3,3,5,2,0,0,1,0,0,0,0,1,"736538,604599999960000","5690283,021400000000000",12.394392316,51.314602553,0,0,0,Mitte
123353,123354,14,7,13,000,2016,04,16,4,3,5,2,0,0,0,1,0,0,0,0,"736542,371799999960000","5690723,886599999900000",12.394738673,51.318558289,0,0,0,Mitte
123356,123357,14,7,13,000,2016,04,19,4,3,5,3,0,1,1,1,0,0,0,0,"732776,982700000050000","5691354,026600000400000",12.341210513,51.325767571,5,5,5,Südwest
123366,123367,14,7,13,000,2016,04,17,2,3,5,3,0,0,1,1,0,0,0,0,"735279,371599999950000","5690883,922799999800000",12.376752194,51.320518413,4,4,4,Süd
123372,123373,14,7,13,000,2016,04,17,6,3,3,2,0,0,1,1,0,0,0,0,"735444,924800000040000","5693206,674700000300000",12.380658454,51.34129973,0,0,0,Mitte
123376,123377,14,7,13,000,2016,04,19,2,3,5,3,0,0,1,1,0,0,0,0,"732481,360100000050000","5690593,380300000300000",12.336478962,51.319060323,5,5,5,Südwest
123377,123378,14,7,13,000,2016,04,11,6,3,6,4,0,0,0,1,1,0,0,0,"734225,123900000010000","5695523,521900000100000",12.364701007,51.362600557,9,9,9,Nord
123386,123387,14,7,13,000,2016,04,18,6,2,5,3,1,0,1,1,0,0,0,0,"736988,201800000040000","5693851,043300000000000",12.403204763,51.346442545,2,2,2,Ost
123388,123389,14,7,13,000,2016,04,19,7,2,5,3,2,0,0,1,0,0,0,0,"731739,549600000030000","5690372,843899999700000",12.325708763,51.317383174,5,5,5,Südwest
123393,123394,14,7,13,000,2016,04,17,3,3,4,2,0,0,1,1,0,0,0,0,"735638,119599999980000","5695325,132799999800000",12.384829696,51.360235537,9,9,9,Nord
123394,123395,14,7,13,000,2016,04,14,5,3,5,3,0,0,0,1,0,0,0,0,"731605,220100000040000","5692935,012699999800000",12.325449549,51.340438045,7,7,7,Alt-West
123397,123398,14,7,13,000,2016,04,09,3,3,6,7,0,0,0,1,1,0,0,0,"734491,670000000040000","5693167,609199999800000",12.366970757,51.341342974,0,0,0,Mitte
123403,123404,14,7,13,000,2016,04,13,7,3,4,3,0,0,1,1,0,0,0,0,"735105,908599999970000","5694833,091000000000000",12.376873876,51.356039265,0,0,0,Mitte
123406,123407,14,7,13,000,2016,04,16,3,3,0,2,0,0,1,1,0,0,0,0,"733825,910299999990000","5693516,417299999900000",12.357658068,51.34474822,0,0,0,Mitte
123408,123409,14,7,13,000,2016,04,14,5,3,6,4,0,1,0,1,1,0,0,0,"735099,450500000040000","5694207,397300000300000",12.376367965,51.350425504,0,0,0,Mitte
123411,123412,14,7,13,000,2016,04,08,2,3,5,3,0,0,1,1,0,0,0,0,"736417,175000000050000","5692682,134899999900000",12.394244199,51.336187962,3,3,3,Südost
123412,123413,14,7,13,000,2016,04,18,5,3,2,6,0,0,0,1,0,0,0,0,"734818,653000000050000","5692508,463000000500000",12.371222522,51.335291277,0,0,0,Mitte
123417,123418,14,7,13,000,2016,04,18,3,3,5,3,0,0,1,0,0,0,0,1,"735307,730199999990000","5692474,823200000500000",12.378208753,51.334787177,0,0,0,Mitte
123418,123419,14,7,13,000,2016,04,13,6,3,2,2,0,1,0,1,0,1,0,0,"737277,617699999940000","5692936,242700000300000",12.406743443,51.338110522,3,3,3,Südost
123420,123421,14,7,13,000,2016,04,09,5,3,6,4,0,0,0,1,1,0,0,0,"731888,511000000060000","5696438,110000000300000",12.331792637,51.371769003,8,8,8,Nordwest
123426,123427,14,7,13,000,2016,04,15,5,2,4,2,0,0,0,1,0,1,0,0,"734638,605199999990000","5695392,105899999800000",12.370543054,51.361250318,9,9,9,Nord
123427,123428,14,7,13,000,2016,04,00,6,3,3,6,2,0,1,1,0,0,0,0,"735184,273500000010000","5688992,614199999700000",12.37414301,51.303580567,4,4,4,Süd
123428,123429,14,7,13,000,2016,04,08,4,3,0,7,0,0,1,0,0,0,0,0,"735176,407400000030000","5690884,748900000000000",12.37527774,51.320568391,4,4,4,Süd
123430,123431,14,7,13,000,2016,04,14,6,3,2,6,0,1,0,1,0,0,0,0,"735040,427400000040000","5691083,537499999600000",12.373460817,51.322408981,4,4,4,Süd
123431,123432,14,7,13,000,2016,04,17,6,3,3,2,0,0,1,1,0,0,0,0,"734240,834900000020000","5692028,437800000400000",12.362626736,51.331220612,0,0,0,Mitte
123432,123433,14,7,13,000,2016,04,08,5,3,5,2,0,0,0,1,0,0,0,0,"730644,662000000010000","5697104,666299999700000",12.314385637,51.378259043,8,8,8,Nordwest
123433,123434,14,7,13,000,2016,04,23,1,3,8,1,2,0,1,0,0,0,0,0,"736931,194299999970000","5695784,502500000400000",12.403674973,51.36382119,1,1,1,Nordost
123435,123436,14,7,13,000,2016,04,06,2,3,5,3,0,0,1,1,0,0,0,0,"736064,979100000000000","5688535,263799999800000",12.386452223,51.29911079,4,4,4,Süd
123436,123437,14,7,13,000,2016,04,17,6,3,2,6,0,0,0,1,0,0,0,0,"739228,964299999990000","5688842,423800000000000",12.431959965,51.300547506,3,3,3,Südost
123438,123439,14,7,13,000,2016,04,16,3,3,5,3,0,0,1,1,0,0,0,0,"731031,550000000050000","5696785,644000000300000",12.319727861,51.375237969,8,8,8,Nordwest
123442,123443,14,7,13,000,2016,04,14,6,3,5,3,0,0,1,1,0,0,0,0,"742658,544800000030000","5685854,473899999600000",12.479034384,51.272278222,3,3,3,Südost
123444,123445,14,7,13,000,2016,04,08,7,3,3,1,0,0,0,1,1,0,0,0,"739936,550999999980000","5693965,394000000300000",12.4455391,51.346232288,2,2,2,Ost
123446,123447,14,7,13,000,2016,04,14,6,3,5,3,0,0,0,1,0,0,0,0,"736097,176400000000000","5697139,821800000000000",12.392616314,51.376333932,9,9,9,Nord
123449,123450,14,7,13,000,2016,04,18,2,3,4,2,0,0,0,1,0,0,0,0,"739101,211000000010000","5699445,878399999800000",12.437252315,51.395775681,1,1,1,Nordost
123450,123451,14,7,13,000,2016,04,08,2,1,5,3,0,0,1,0,0,0,0,1,"728616,277000000000000","5690527,782300000100000",12.281065239,51.320037378,6,6,6,West
123451,123452,14,7,13,000,2016,04,10,6,3,5,3,0,0,0,1,0,0,0,0,"734607,119300000020000","5692452,598700000000000",12.368154443,51.334877112,0,0,0,Mitte
123459,123460,14,7,13,000,2016,04,19,6,3,0,1,0,1,0,1,0,1,0,0,"737750,534400000000000","5694715,152300000200000",12.414708342,51.353880483,1,1,1,Nordost
123466,123467,14,7,13,000,2016,04,16,4,2,5,3,0,0,1,1,0,0,0,0,"735103,375000000000000","5694903,136099999800000",12.376883833,51.35666906,0,0,0,Mitte
123469,123470,14,7,13,000,2016,04,08,4,3,4,6,0,0,1,0,0,0,0,0,"735340,929000000000000","5692200,561999999900000",12.378503329,51.332311579,0,0,0,Mitte
123470,123471,14,7,13,000,2016,04,17,3,3,5,2,0,0,1,1,0,0,0,0,"735092,044699999970000","5689885,021800000200000",12.373410233,51.311629289,4,4,4,Süd
123471,123472,14,7,13,000,2016,04,16,6,3,4,2,0,1,0,1,0,0,0,0,"736758,963600000020000","5699849,770100000300000",12.403914347,51.400382999,9,9,9,Nord
123480,123481,14,7,13,000,2016,04,14,2,2,3,2,0,0,1,1,0,0,0,0,"731889,541699999940000","5692885,326399999700000",12.329492168,51.339876145,7,7,7,Alt-West
123481,123482,14,7,13,000,2016,04,21,7,3,4,2,2,0,0,1,0,1,0,0,"732948,314400000030000","5691088,968600000300000",12.343492056,51.323318105,5,5,5,Südwest
123483,123484,14,7,13,000,2016,04,16,4,3,3,2,0,0,1,1,0,0,0,0,"734786,931600000010000","5692624,860999999600000",12.370844665,51.336349209,0,0,0,Mitte
123493,123494,14,7,13,000,2016,04,12,6,3,2,6,0,0,1,1,0,0,0,0,"733495,909199999990000","5695464,312599999800000",12.354206099,51.362369204,9,9,9,Nord
123501,123502,14,7,13,000,2016,04,09,6,3,3,5,0,0,1,1,0,0,0,0,"735009,961899999990000","5691996,154699999800000",12.373626077,51.330613581,0,0,0,Mitte
123502,123503,14,7,13,000,2016,04,10,7,3,0,1,0,1,1,0,0,0,0,0,"734785,169100000060000","5693984,460199999600000",12.371715786,51.348554234,0,0,0,Mitte
123503,123504,14,7,13,000,2016,04,14,2,3,6,4,0,0,1,0,1,0,0,0,"740229,386799999980000","5693904,750500000100000",12.449695189,51.345564312,2,2,2,Ost
123505,123506,14,7,13,000,2016,04,07,6,2,6,4,0,0,1,0,1,0,0,0,"735076,750299999960000","5689803,097299999600000",12.373137194,51.310900217,4,4,4,Süd
123520,123521,14,7,13,000,2016,04,18,5,3,3,6,0,0,0,1,0,0,0,1,"735644,895800000060000","5692901,906499999600000",12.383322746,51.338481208,0,0,0,Mitte
123524,123525,14,7,13,000,2016,04,18,4,2,6,4,0,0,0,1,1,0,0,0,"734268,182799999950000","5695509,622899999800000",12.365309259,51.362458042,9,9,9,Nord
123526,123527,14,7,13,000,2016,04,22,5,2,5,3,2,0,1,1,0,0,0,0,"735547,425099999990000","5692911,376000000200000",12.381932169,51.33860659,0,0,0,Mitte
123527,123528,14,7,13,000,2016,04,12,4,3,3,2,0,0,0,1,0,0,0,1,"731150,725400000000000","5690256,635900000100000",12.317198411,51.316579453,5,5,5,Südwest
123531,123532,14,7,13,000,2016,04,08,3,3,5,3,0,1,1,1,0,0,0,0,"730748,552999999960000","5685497,161999999500000",12.308361601,51.274016728,5,5,5,Südwest
123543,123544,14,7,13,000,2016,04,15,6,3,4,2,0,0,1,1,0,0,0,0,"731038,163700000030000","5693663,883700000100000",12.317795191,51.347211718,7,7,7,Alt-West
123544,123545,14,7,13,000,2016,04,17,4,3,5,2,0,0,0,1,0,1,0,0,"737786,438300000040000","5691451,407399999900000",12.413044181,51.324570088,3,3,3,Südost
123548,123549,14,7,13,000,2016,04,05,1,3,8,1,2,1,1,0,0,0,0,0,"731841,066499999960000","5689849,954800000400000",12.32682312,51.312647934,5,5,5,Südwest
123557,123558,14,7,13,000,2016,04,15,6,3,2,6,0,0,0,1,0,0,0,0,"736562,542999999950000","5690726,482099999700000",12.395029336,51.318573202,0,0,0,Mitte
123558,123559,14,7,13,000,2016,04,16,7,3,2,2,0,0,0,1,0,1,0,0,"743226,632400000000000","5694196,302199999800000",12.49284948,51.346906758,2,2,2,Ost
123564,123565,14,7,13,000,2016,04,18,2,2,0,1,0,0,0,1,0,1,0,0,"734885,093100000060000","5696260,079300000300000",12.374650459,51.368939697,9,9,9,Nord
123566,123567,14,7,13,000,2016,04,16,6,2,6,7,0,0,0,0,1,0,0,1,"738191,328699999950000","5692421,274500000300000",12.419492826,51.333106226,2,2,2,Ost
123574,123575,14,7,13,000,2016,04,13,7,2,0,5,0,0,1,0,0,0,1,0,"730407,935199999950000","5693427,109000000200000",12.308607866,51.345341982,7,7,7,Alt-West
123579,123580,14,7,13,000,2016,04,15,4,3,6,4,0,0,0,1,1,0,0,0,"737678,163599999970000","5693739,926699999700000",12.41301975,51.345157134,2,2,2,Ost
123585,123586,14,7,13,000,2016,04,08,4,3,5,3,0,0,1,1,0,0,0,0,"734844,753299999980000","5691798,871600000200000",12.371128869,51.328910917,0,0,0,Mitte
123586,123587,14,7,13,000,2016,04,16,3,3,5,3,0,0,1,1,0,0,0,0,"733994,342599999970000","5695104,930499999800000",12.361116569,51.358938178,9,9,9,Nord
123596,123597,14,7,13,000,2016,04,20,7,3,5,3,1,0,0,1,0,0,0,0,"737283,217999999990000","5693839,905500000300000",12.407425801,51.346219518,2,2,2,Ost
123603,123604,14,7,13,000,2016,04,19,1,3,0,7,2,0,1,1,0,0,0,0,"740376,394199999980000","5694447,515499999700000",12.452168576,51.350373836,2,2,2,Ost
123606,123607,14,7,13,000,2016,04,08,6,3,5,3,0,0,1,1,0,0,0,0,"730792,239999999990000","5691706,704400000200000",12.313001833,51.329742153,7,7,7,Alt-West
123612,123613,14,7,13,000,2016,05,16,2,3,4,6,0,0,1,1,0,0,0,0,"734894,534300000060000","5693389,634999999800000",12.372891017,51.343169683,0,0,0,Mitte
123615,123616,14,7,13,000,2016,05,16,5,2,1,5,0,0,1,1,0,0,0,0,"733209,467900000050000","5691367,634700000300000",12.347415816,51.325712611,5,5,5,Südwest
123616,123617,14,7,13,000,2016,05,07,4,3,2,6,0,0,0,1,0,0,0,0,"734180,623099999970000","5694916,186800000300000",12.363663141,51.357167196,9,9,9,Nord
123618,123619,14,7,13,000,2016,05,15,2,3,0,7,0,0,0,0,0,0,0,1,"736418,026900000060000","5694692,848500000300000",12.395591485,51.354236116,1,1,1,Nordost
123621,123622,14,7,13,000,2016,05,14,2,3,5,3,0,0,1,1,0,0,0,0,"734425,968600000020000","5699241,846300000300000",12.370033747,51.395894746,9,9,9,Nord
123623,123624,14,7,13,000,2016,05,06,3,3,5,3,0,0,0,1,0,0,0,0,"734818,858899999990000","5696322,976499999900000",12.373742166,51.369531666,9,9,9,Nord
123625,123626,14,7,13,000,2016,05,15,4,2,5,3,0,0,1,1,0,0,0,0,"734876,666899999950000","5694490,797500000300000",12.373361444,51.353061505,0,0,0,Mitte
123627,123628,14,7,13,000,2016,05,15,4,3,5,3,0,0,0,1,0,0,0,1,"735262,695199999960000","5695215,799599999600000",12.379374682,51.359409689,0,0,0,Mitte
123628,123629,14,7,13,000,2016,05,16,5,3,0,7,0,0,1,0,0,0,0,1,"736153,457700000030000","5693649,310999999800000",12.391106429,51.344979109,0,0,0,Mitte
123629,123630,14,7,13,000,2016,05,19,5,2,5,3,0,0,1,1,0,0,0,0,"736652,374100000020000","5692731,030899999700000",12.397647067,51.336529041,3,3,3,Südost
123635,123636,14,7,13,000,2016,05,12,2,2,4,6,0,0,1,1,0,0,0,0,"733249,832999999980000","5691691,066999999800000",12.348205801,51.328599396,5,5,5,Südwest
123637,123638,14,7,13,000,2016,05,12,6,3,5,3,0,0,0,1,0,0,0,0,"733098,605300000050000","5696295,887900000400000",12.349054306,51.369997026,8,8,8,Nordwest
123639,123640,14,7,13,000,2016,05,18,5,3,5,3,0,0,0,1,0,1,0,0,"741868,310999999990000","5694173,017099999800000",12.473366115,51.347277268,2,2,2,Ost
123641,123642,14,7,13,000,2016,05,07,4,3,6,4,0,0,0,1,1,0,0,0,"736712,457599999970000","5689371,536299999800000",12.396277695,51.306348595,4,4,4,Süd
123643,123644,14,7,13,000,2016,05,21,5,2,6,4,2,0,0,1,1,0,0,0,"736703,647400000020000","5693777,472500000100000",12.39907731,51.34590071,2,2,2,Ost
123644,123645,14,7,13,000,2016,05,21,2,3,4,7,2,0,0,1,0,0,0,1,"737975,572700000020000","5690942,872100000300000",12.415414295,51.319926392,3,3,3,Südost
123647,123648,14,7,13,000,2016,05,14,3,3,2,2,0,0,0,1,0,0,0,0,"730775,811100000050000","5693559,393199999800000",12.313966747,51.346380277,7,7,7,Alt-West
123648,123649,14,7,13,000,2016,05,16,2,3,6,4,0,0,0,1,1,0,0,0,"728096,249100000020000","5690348,067300000200000",12.27350001,51.31863271,6,6,6,West
123651,123652,14,7,13,000,2016,05,16,5,3,5,3,0,0,0,1,0,0,0,0,"735270,908000000050000","5689584,489600000000000",12.375773837,51.308857692,4,4,4,Süd
123653,123654,14,7,13,000,2016,05,16,2,3,3,6,0,0,1,1,0,0,0,0,"733899,722500000030000","5693346,514399999800000",12.358604426,51.343192724,0,0,0,Mitte
123654,123655,14,7,13,000,2016,05,15,1,3,4,1,0,1,0,1,0,0,0,0,"731083,931300000050000","5696460,841099999800000",12.32026803,51.372300963,8,8,8,Nordwest
123662,123663,14,7,13,000,2016,05,15,4,3,5,3,0,0,1,1,0,0,0,0,"736360,072999999970000","5698863,876000000200000",12.397533916,51.391699847,1,1,1,Nordost
123666,123667,14,7,13,000,2016,05,14,7,3,1,5,0,0,1,1,0,0,0,0,"734499,944200000030000","5691060,082100000200000",12.365702388,51.322421439,4,4,4,Süd
123685,123686,14,7,13,000,2016,05,11,3,3,5,3,0,0,0,1,0,0,0,0,"735883,503200000040000","5692598,090800000400000",12.386541004,51.335655157,0,0,0,Mitte
123688,123689,14,7,13,000,2016,05,06,3,3,5,3,0,0,1,1,0,0,0,0,"731596,537900000000000","5690699,160100000000000",12.323872034,51.320370688,5,5,5,Südwest
123691,123692,14,7,13,000,2016,05,20,6,2,5,3,0,0,1,1,0,0,0,0,"734794,340199999980000","5692475,725399999900000",12.370852543,51.335007448,0,0,0,Mitte
123694,123695,14,7,13,000,2016,05,10,5,3,5,3,0,0,1,1,0,0,0,0,"735332,216200000020000","5692188,358199999700000",12.378370424,51.332205639,0,0,0,Mitte
123696,123697,14,7,13,000,2016,05,07,3,3,5,2,0,0,1,1,0,0,0,0,"731453,863000000010000","5688453,492999999800000",12.32037118,51.300269603,5,5,5,Südwest
123698,123699,14,7,13,000,2016,05,17,3,3,6,6,0,0,0,1,1,0,0,0,"739336,099099999990000","5695914,858400000300000",12.438244289,51.363983296,1,1,1,Nordost
123699,123700,14,7,13,000,2016,05,14,5,3,5,3,0,0,1,0,0,0,0,1,"734444,737899999950000","5692132,325799999800000",12.365616782,51.332069155,0,0,0,Mitte
123704,123705,14,7,13,000,2016,05,21,3,3,1,1,2,0,0,1,0,0,0,0,"732248,529699999960000","5696523,364000000100000",12.337011695,51.372387206,8,8,8,Nordwest
123706,123707,14,7,13,000,2016,05,21,5,3,5,3,1,0,0,1,0,1,0,0,"737385,434899999990000","5696864,469999999700000",12.410909017,51.373325363,1,1,1,Nordost
123712,123713,14,7,13,000,2016,05,16,4,3,5,3,0,0,1,1,0,0,0,0,"738188,924000000000000","5692414,271999999900000",12.419453689,51.333044379,2,2,2,Ost
123713,123714,14,7,13,000,2016,05,10,1,3,8,1,0,1,0,1,0,0,0,0,"730024,927299999980000","5690084,993800000300000",12.300960453,51.315494756,6,6,6,West
123717,123718,14,7,13,000,2016,05,16,3,3,6,4,0,0,0,1,1,0,0,0,"738939,239900000040000","5688214,458100000400000",12.427391334,51.295032565,3,3,3,Südost
123723,123724,14,7,13,000,2016,05,12,3,2,5,3,0,0,1,1,0,0,0,0,"737298,009800000000000","5695375,477900000300000",12.408661659,51.359996695,1,1,1,Nordost
123727,123728,14,7,13,000,2016,05,09,3,2,2,6,0,0,0,1,0,1,0,0,"735093,452599999960000","5692044,457800000000000",12.374854242,51.331012669,0,0,0,Mitte
123731,123732,14,7,13,000,2016,05,09,3,3,5,3,0,0,0,1,0,0,0,0,"735278,728400000020000","5690904,837799999900000",12.376756781,51.32070642,4,4,4,Süd
123738,123739,14,7,13,000,2016,05,18,3,3,6,4,0,0,0,1,1,0,0,0,"736641,297900000010000","5688386,880699999600000",12.394605856,51.297539675,4,4,4,Süd
123740,123741,14,7,13,000,2016,05,13,3,2,6,4,0,0,0,1,1,0,0,0,"737511,994199999960000","5697069,161899999700000",12.412860808,51.375109759,1,1,1,Nordost
123742,123743,14,7,13,000,2016,05,22,3,3,5,3,2,1,0,1,0,0,0,1,"739920,383200000040000","5693959,536899999700000",12.445303431,51.346186539,2,2,2,Ost
123743,123744,14,7,13,000,2016,05,08,5,3,5,3,0,0,1,1,0,0,0,0,"734904,782699999980000","5693753,612900000100000",12.373278026,51.34643265,0,0,0,Mitte
123750,123751,14,7,13,000,2016,05,08,6,3,5,3,0,0,1,1,0,0,0,0,"734463,993699999990000","5691194,971400000200000",12.365276069,51.323647085,4,4,4,Süd
123754,123755,14,7,13,000,2016,05,14,4,3,5,3,0,0,1,1,0,0,0,0,"735037,228099999950000","5691573,282999999800000",12.373737886,51.326806454,0,0,0,Mitte
123757,123758,14,7,13,000,2016,05,17,1,3,2,6,0,0,1,0,0,0,0,1,"738672,039200000000000","5690992,234400000400000",12.425423844,51.320077783,3,3,3,Südost
123759,123760,14,7,13,000,2016,05,09,4,3,2,6,0,0,0,1,0,0,0,0,"734046,906500000040000","5695246,361399999800000",12.36196325,51.360186079,9,9,9,Nord
123761,123762,14,7,13,000,2016,05,17,1,3,5,3,0,0,1,1,0,0,0,0,"734819,275000000020000","5694103,108000000000000",12.37228293,51.349605174,0,0,0,Mitte
123764,123765,14,7,13,000,2016,05,17,5,2,6,4,0,0,0,1,1,0,0,0,"734281,841699999990000","5695518,751899999600000",12.365511121,51.362534356,9,9,9,Nord
123766,123767,14,7,13,000,2016,05,17,4,3,0,4,0,0,0,1,1,0,0,0,"733983,919200000000000","5695092,225700000300000",12.360958768,51.358828426,9,9,9,Nord