FID_left,OBJECTID,ULAND,UREGBEZ,UKREIS,UGEMEINDE,UJAHR,UMONAT,USTUNDE,UWOCHENTAG,UKATEGORIE,UART,UTYP1,ULICHTVERH,IstStrasse,IstRad,IstPKW,IstFuss,IstKrad,IstGkfz,IstSonstig,LINREFX,LINREFY,XGCSWGS84,YGCSWGS84,index_right,FID_right,SBZ,Name
123769,123770,14,7,13,000,2016,05,17,7,3,2,6,0,0,0,1,0,0,0,0,"736997,877899999960000","5695748,048800000000000",12.404606822,51.363466168,1,1,1,Nordost
123779,123780,14,7,13,000,2016,05,13,6,2,5,3,0,0,0,1,0,0,0,0,"738137,787099999960000","5690521,313600000000000",12.417456444,51.316074623,3,3,3,Südost
123781,123782,14,7,13,000,2016,05,18,7,2,4,2,0,0,0,1,0,1,0,0,"736968,201800000040000","5692701,442099999600000",12.402153185,51.33613194,3,3,3,Südost
123796,123797,14,7,13,000,2016,05,11,6,3,3,7,0,0,1,1,0,0,0,0,"732492,007100000050000","5694046,261800000400000",12.338884717,51.350051503,7,7,7,Alt-West
123800,123801,14,7,13,000,2016,05,11,6,3,5,2,0,0,1,1,0,0,0,0,"734568,217100000010000","5695262,776999999800000",12.369448542,51.360118475,9,9,9,Nord
123802,123803,14,7,13,000,2016,05,11,3,3,2,6,0,0,0,1,0,1,0,0,"735766,000000000000000","5692887,528800000400000",12.385048752,51.338301954,0,0,0,Mitte
123804,123805,14,7,13,000,2016,05,16,2,3,5,3,0,0,1,1,0,0,0,0,"735465,145999999950000","5691820,758600000300000",12.380032275,51.32885093,0,0,0,Mitte
123806,123807,14,7,13,000,2016,05,18,6,3,5,2,0,0,1,1,0,0,0,0,"732396,440500000030000","5692034,251699999900000",12.336201838,51.332029347,5,5,5,Südwest
123807,123808,14,7,13,000,2016,05,07,6,3,4,2,0,0,1,1,0,0,0,0,"736080,639700000060000","5692626,583800000100000",12.389384828,51.33582912,0,0,0,Mitte
123809,123810,14,7,13,000,2016,05,13,5,3,2,6,0,0,0,1,0,0,0,0,"735802,736299999990000","5692150,978600000000000",12.385087714,51.331675246,0,0,0,Mitte
123811,123812,14,7,13,000,2016,05,11,4,3,5,3,0,0,0,1,0,0,0,1,"737986,076800000040000","5690574,352300000400000",12.415318831,51.316614158,3,3,3,Südost
123813,123814,14,7,13,000,2016,05,15,5,3,5,3,0,0,0,1,0,0,0,0,"731813,131199999950000","5689250,553500000400000",12.326033528,51.307278572,5,5,5,Südwest
123815,123816,14,7,13,000,2016,05,22,2,3,0,5,2,0,1,1,0,0,0,0,"736880,038500000020000","5693050,338800000000000",12.401121832,51.339300409,3,3,3,Südost
123816,123817,14,7,13,000,2016,05,12,7,3,6,4,0,0,0,1,1,1,0,0,"732459,583199999990000","5691743,588999999700000",12.336917034,51.329394345,5,5,5,Südwest
123821,123822,14,7,13,000,2016,05,18,5,3,5,3,0,0,1,1,0,0,0,0,"736072,192599999950000","5689665,419900000100000",12.387303052,51.309252429,4,4,4,Süd
123828,123829,14,7,13,000,2016,05,06,1,2,1,5,0,1,1,1,0,0,0,0,"735787,457500000020000","5693208,391400000100000",12.385568667,51.341173206,0,0,0,Mitte
123831,123832,14,7,13,000,2016,04,13,7,3,3,5,0,0,1,1,0,0,0,0,"736069,204099999970000","5691725,355499999600000",12.3886239,51.327744219,0,0,0,Mitte
123833,123834,14,7,13,000,2016,05,06,4,2,6,4,0,0,0,1,1,0,0,0,"739932,507499999950000","5694056,836100000000000",12.44554277,51.34705475,2,2,2,Ost
123837,123838,14,7,13,000,2016,05,21,6,2,5,2,1,0,1,1,0,0,0,0,"735604,140200000020000","5697095,454199999600000",12.38551548,51.376140435,9,9,9,Nord
123850,123851,14,7,13,000,2016,04,22,7,3,6,2,2,0,0,1,1,0,0,0,"737786,349000000050000","5691446,005699999600000",12.413039299,51.324521639,3,3,3,Südost
123856,123857,14,7,13,000,2016,05,17,3,3,5,3,0,0,1,1,0,0,0,0,"735924,304499999970000","5692736,347000000100000",12.387217244,51.336879256,0,0,0,Mitte
123857,123858,14,7,13,000,2016,05,08,4,3,5,3,0,0,1,1,0,0,0,0,"733228,895099999970000","5693909,101900000100000",12.349358128,51.348518411,0,0,0,Mitte
123858,123859,14,7,13,000,2016,05,08,2,3,0,3,0,0,0,1,0,0,0,1,"739054,759199999970000","5697162,603000000100000",12.435049321,51.375301196,1,1,1,Nordost
123860,123861,14,7,13,000,2016,04,12,7,3,2,6,0,0,0,1,0,0,0,0,"735635,316100000050000","5690910,869900000300000",12.381869007,51.320613017,4,4,4,Süd
123866,123867,14,7,13,000,2016,05,19,6,3,5,7,1,0,1,1,0,0,0,0,"734867,640800000050000","5691476,051199999600000",12.371244077,51.326003698,0,0,0,Mitte
123869,123870,14,7,13,000,2016,05,08,5,3,6,4,0,0,0,1,1,0,0,0,"736551,463800000030000","5690602,004700000400000",12.394788064,51.317460472,0,0,0,Mitte
123876,123877,14,7,13,000,2016,05,22,5,3,5,3,2,1,0,1,0,1,0,0,"732721,936299999940000","5696019,223100000100000",12.343471325,51.36766796,8,8,8,Nordwest
123878,123879,14,7,13,000,2016,05,15,5,3,5,3,0,0,1,0,0,1,0,0,"731759,929600000030000","5689903,656399999700000",12.325695835,51.313163048,5,5,5,Südwest
123880,123881,14,7,13,000,2016,05,08,4,2,5,3,0,0,1,1,0,0,0,0,"734304,087999999990000","5690901,802100000000000",12.362792511,51.321081322,4,4,4,Süd
123884,123885,14,7,13,000,2016,05,16,4,3,6,4,0,0,0,1,1,0,0,0,"735170,211200000020000","5693569,483900000300000",12.37696091,51.344670112,0,0,0,Mitte
123888,123889,14,7,13,000,2016,05,07,2,3,2,6,0,0,0,1,0,0,0,0,"735519,625200000010000","5695288,705900000400000",12.383106651,51.359957685,9,9,9,Nord
123891,123892,14,7,13,000,2016,05,09,7,2,5,3,0,0,0,1,0,0,0,0,"736127,659800000020000","5688343,194699999900000",12.387222688,51.297360731,4,4,4,Süd
123892,123893,14,7,13,000,2016,05,16,4,3,5,3,0,0,1,1,0,0,0,0,"735090,642299999950000","5694811,968799999900000",12.376641057,51.35585598,0,0,0,Mitte
123893,123894,14,7,13,000,2016,05,19,2,3,2,6,0,1,0,1,0,1,0,0,"739047,038500000020000","5688970,384200000200000",12.429440781,51.301772466,3,3,3,Südost
123896,123897,14,7,13,000,2016,05,18,6,2,5,3,0,0,1,1,0,0,0,0,"729214,311699999960000","5694433,223299999700000",12.292146033,51.354856471,7,7,7,Alt-West
123898,123899,14,7,13,000,2016,05,14,6,3,3,6,0,0,1,1,0,0,0,0,"736244,362500000050000","5697156,559399999700000",12.394738455,51.376422963,9,9,9,Nord
123900,123901,14,7,13,000,2016,05,14,4,2,5,3,0,0,1,0,0,0,0,0,"735143,157099999950000","5693731,921500000200000",12.376680422,51.346139397,0,0,0,Mitte
123913,123914,14,7,13,000,2016,05,10,6,3,1,5,0,0,1,1,0,0,0,0,"732577,818800000010000","5691382,830299999600000",12.33837578,51.326107587,5,5,5,Südwest
123918,123919,14,7,13,000,2016,05,13,2,3,4,2,0,0,0,1,0,1,0,0,"731607,515499999980000","5688942,844100000300000",12.322888992,51.304599985,5,5,5,Südwest
123922,123923,14,7,13,000,2016,05,16,2,3,5,2,0,0,1,0,0,0,0,1,"735278,735100000050000","5690903,443900000300000",12.376755957,51.320693905,4,4,4,Süd
123927,123928,14,7,13,000,2016,05,16,2,3,1,6,0,0,0,1,0,0,1,0,"732576,579900000010000","5692086,773299999500000",12.338817426,51.332427189,7,7,7,Alt-West
123933,123934,14,7,13,000,2016,05,20,1,3,5,3,2,0,0,1,0,1,0,0,"736368,579299999980000","5688170,041000000200000",12.390557532,51.295706515,4,4,4,Süd
123935,123936,14,7,13,000,2016,05,13,7,3,6,7,0,0,0,1,1,0,0,0,"737627,857100000020000","5693741,909300000400000",12.412300056,51.345195958,2,2,2,Ost
123952,123953,14,7,13,000,2016,05,15,6,3,5,3,0,1,0,1,0,1,0,0,"735169,955599999990000","5693436,609000000200000",12.376869491,51.343477488,0,0,0,Mitte
123971,123972,14,7,13,000,2016,05,11,3,3,6,7,0,0,0,1,1,0,0,0,"736044,538999999990000","5693631,801000000000000",12.389533714,51.344867166,0,0,0,Mitte
123984,123985,14,7,13,000,2016,05,09,7,3,5,3,0,0,0,1,0,0,0,0,"737628,347199999960000","5695336,816900000000000",12.413371924,51.359511631,1,1,1,Nordost
123987,123988,14,7,13,000,2016,05,21,5,3,5,3,1,0,0,1,0,0,0,0,"733227,909300000060000","5693908,687099999700000",12.349343725,51.348515092,0,0,0,Mitte
123990,123991,14,7,13,000,2016,05,19,7,2,4,2,0,0,1,0,0,0,0,0,"733063,341999999950000","5691844,387299999600000",12.345633967,51.330052134,5,5,5,Südwest
123998,123999,14,7,13,000,2016,05,10,7,3,5,3,0,0,1,1,0,0,0,0,"734624,555300000010000","5693235,240299999700000",12.368919819,51.341895243,0,0,0,Mitte
124001,124002,14,7,13,000,2016,05,20,5,3,0,6,0,0,1,0,0,0,0,1,"731938,954099999970000","5692070,973299999700000",12.329670144,51.332545722,7,7,7,Alt-West
124004,124005,14,7,13,000,2016,05,22,3,3,6,4,2,0,1,0,1,0,0,0,"735265,422700000000000","5693126,671500000200000",12.378033018,51.340655892,0,0,0,Mitte
124008,124009,14,7,13,000,2016,05,12,7,3,5,3,0,0,0,1,0,0,0,0,"737986,406300000030000","5690574,227199999600000",12.415323467,51.316612898,3,3,3,Südost
124013,124014,14,7,13,000,2016,05,15,5,3,0,7,0,0,0,1,0,1,0,0,"732444,244300000020000","5692060,040699999800000",12.336903667,51.332241314,5,5,5,Südwest
124032,124033,14,7,13,000,2016,05,07,3,3,5,3,0,1,1,1,0,0,0,0,"736315,176100000040000","5688977,081500000300000",12.390327154,51.302972901,4,4,4,Süd
124041,124042,14,7,13,000,2016,05,17,3,3,0,5,0,0,1,1,0,0,0,0,"736389,817500000000000","5688360,289699999600000",12.390987562,51.297405426,4,4,4,Süd
124042,124043,14,7,13,000,2016,05,08,5,2,0,1,0,0,1,0,0,0,0,0,"736331,611000000030000","5692050,859000000200000",12.392599351,51.330557061,0,0,0,Mitte
124044,124045,14,7,13,000,2016,05,17,3,2,5,3,0,0,1,1,0,0,0,0,"733603,645299999970000","5695284,500099999800000",12.355632813,51.360710832,9,9,9,Nord
124045,124046,14,7,13,000,2016,05,19,5,3,3,6,0,0,1,0,0,0,0,1,"733034,081000000010000","5690600,990500000300000",12.344401875,51.318902565,5,5,5,Südwest
124046,124047,14,7,13,000,2016,05,14,5,3,2,6,0,0,0,1,0,0,0,0,"737506,129100000020000","5697079,561499999800000",12.41278364,51.375205558,1,1,1,Nordost
124047,124048,14,7,13,000,2016,05,00,1,3,0,7,2,0,1,0,0,0,0,0,"735461,627199999990000","5689477,956100000100000",12.378434958,51.307822554,4,4,4,Süd
124056,124057,14,7,13,000,2016,05,19,5,2,1,5,0,0,1,1,0,0,0,0,"732422,379500000040000","5692855,795300000300000",12.337109518,51.339393515,7,7,7,Alt-West
124057,124058,14,7,13,000,2016,05,20,5,3,5,3,0,0,1,1,0,0,0,0,"734835,088899999970000","5692211,569000000100000",12.371262362,51.332619449,0,0,0,Mitte
124060,124061,14,7,13,000,2016,05,16,7,3,5,2,0,0,1,1,0,0,0,0,"735519,342900000050000","5692038,701200000000000",12.380952835,51.330784818,0,0,0,Mitte
124062,124063,14,7,13,000,2016,05,15,3,2,3,2,0,0,1,1,0,0,0,0,"735077,755800000040000","5696016,265999999800000",12.377252148,51.36667146,9,9,9,Nord
124066,124067,14,7,13,000,2016,05,15,5,3,3,5,0,0,0,1,0,0,0,0,"732377,236900000020000","5693081,215099999700000",12.33660962,51.341435494,7,7,7,Alt-West
124067,124068,14,7,13,000,2016,05,15,5,3,5,3,0,0,1,1,0,0,0,0,"737297,571299999950000","5695372,515800000200000",12.408653396,51.35997029,1,1,1,Nordost
124071,124072,14,7,13,000,2016,05,16,3,3,5,3,0,0,1,1,0,0,0,0,"734592,930999999980000","5693662,065000000400000",12.368747771,51.345739647,0,0,0,Mitte
124074,124075,14,7,13,000,2016,05,19,5,3,0,2,0,0,1,1,0,0,0,0,"734875,720699999950000","5687381,473299999700000",12.368664661,51.289245551,4,4,4,Süd
124083,124084,14,7,13,000,2016,05,18,5,3,4,3,0,0,1,1,0,0,0,0,"735105,907099999950000","5694833,187900000300000",12.376873918,51.356040135,0,0,0,Mitte
124094,124095,14,7,13,000,2016,05,11,5,3,1,7,0,0,0,1,0,0,0,1,"731254,859199999950000","5693305,406600000300000",12.320668577,51.343905615,7,7,7,Alt-West
124099,124100,14,7,13,000,2016,05,16,2,3,6,4,0,0,1,0,1,0,0,0,"735085,396700000040000","5689903,190000000400000",12.373326988,51.31179512,4,4,4,Süd
124104,124105,14,7,13,000,2016,05,21,5,2,8,1,2,0,0,1,0,0,0,0,"738554,999599999980000","5687093,171699999800000",12.421141407,51.285128956,3,3,3,Südost
124107,124108,14,7,13,000,2016,05,10,7,3,5,3,0,0,1,1,0,0,0,0,"734258,727599999980000","5695326,243800000300000",12.365052921,51.360815853,9,9,9,Nord
124111,124112,14,7,13,000,2016,05,16,6,3,2,6,0,0,0,1,0,0,0,0,"732440,008799999950000","5691685,804499999600000",12.336598871,51.328883628,5,5,5,Südwest
124114,124115,14,7,13,000,2016,05,07,4,3,6,4,0,0,1,0,1,0,0,0,"739896,915299999990000","5692318,458800000100000",12.443861822,51.331466591,2,2,2,Ost
124115,124116,14,7,13,000,2016,05,18,6,3,1,5,0,0,0,1,0,0,0,0,"730354,233299999960000","5693989,782700000300000",12.308202185,51.350414845,7,7,7,Alt-West
124124,124125,14,7,13,000,2016,05,17,4,3,4,2,0,0,0,1,0,0,0,0,"735117,346800000060000","5688754,787399999800000",12.373027951,51.301473369,4,4,4,Süd
124132,124133,14,7,13,000,2016,05,20,6,3,2,6,1,0,0,1,0,0,0,0,"739369,745699999970000","5691697,900899999800000",12.43589183,51.326118665,2,2,2,Ost
124133,124134,14,7,13,000,2016,05,10,2,3,4,2,0,0,0,1,0,0,0,0,"735912,526399999970000","5688683,316700000300000",12.384367159,51.300502939,4,4,4,Süd
124135,124136,14,7,13,000,2016,05,09,6,3,0,7,0,0,0,1,0,0,0,0,"740088,192500000000000","5693926,048999999600000",12.447685942,51.345815122,2,2,2,Ost
124136,124137,14,7,13,000,2016,05,11,1,3,0,6,0,0,1,1,0,0,0,0,"734775,007600000010000","5693702,857499999900000",12.371384426,51.346030657,0,0,0,Mitte
124143,124144,14,7,13,000,2016,05,15,6,3,3,6,0,0,1,0,0,0,0,1,"734675,924400000020000","5690901,793499999700000",12.368119307,51.320928015,4,4,4,Süd
124147,124148,14,7,13,000,2016,05,15,6,3,5,3,0,0,1,1,0,0,0,0,"737155,512100000050000","5696899,623700000300000",12.407635066,51.373736952,1,1,1,Nordost
124150,124151,14,7,13,000,2016,05,19,1,3,5,3,0,0,1,0,0,0,0,0,"732786,945500000030000","5692783,276300000000000",12.342286989,51.338593413,7,7,7,Alt-West
124156,124157,14,7,13,000,2016,05,09,4,3,5,2,0,0,1,1,0,0,0,0,"731310,313100000030000","5693991,289599999800000",12.321909051,51.35004012,7,7,7,Alt-West
124157,124158,14,7,13,000,2016,05,09,6,2,6,4,0,0,0,1,1,0,0,0,"736541,532699999980000","5693016,743999999900000",12.396248432,51.339139762,3,3,3,Südost
124167,124168,14,7,13,000,2016,05,22,1,3,0,3,2,0,1,1,0,0,0,0,"737817,680100000000000","5693498,200600000100000",12.414857925,51.342929063,2,2,2,Ost
124169,124170,14,7,13,000,2016,05,15,6,3,5,3,0,0,1,1,0,0,0,0,"737202,285900000020000","5692517,575699999900000",12.405385143,51.334383957,3,3,3,Südost
124170,124171,14,7,13,000,2016,05,12,6,2,3,5,0,0,0,1,0,1,0,0,"736659,759500000040000","5690521,080799999600000",12.396285603,51.316689059,0,0,0,Mitte
124177,124178,14,7,13,000,2016,06,16,5,3,4,2,0,0,0,1,0,0,0,0,"736593,465100000030000","5691286,206700000000000",12.395843686,51.323584548,0,0,0,Mitte
124185,124186,14,7,13,000,2016,06,16,6,3,6,4,0,0,0,1,1,0,0,0,"736485,734700000030000","5693011,259100000400000",12.395445157,51.339113736,3,3,3,Südost
124191,124192,14,7,13,000,2016,06,17,2,3,0,2,0,0,1,0,0,0,0,0,"736053,297000000020000","5691542,724299999900000",12.388275043,51.326111475,0,0,0,Mitte
124196,124197,14,7,13,000,2016,06,21,7,3,5,5,1,0,1,1,0,0,0,0,"737357,976200000030000","5693460,809899999800000",12.4082446,51.342785532,2,2,2,Ost
124201,124202,14,7,13,000,2016,06,10,6,3,5,3,0,0,1,1,0,0,0,0,"735544,018599999950000","5697397,952999999700000",12.384853665,51.378880668,9,9,9,Nord
124203,124204,14,7,13,000,2016,06,08,5,3,5,3,0,1,0,1,0,0,0,0,"735608,302700000000000","5694415,986200000200000",12.383800222,51.35208717,0,0,0,Mitte
124204,124205,14,7,13,000,2016,06,16,7,3,2,6,0,0,0,1,0,0,0,0,"735656,792000000020000","5693509,938000000100000",12.383895559,51.34393414,0,0,0,Mitte
124207,124208,14,7,13,000,2016,06,15,5,3,4,2,0,0,0,1,0,0,0,1,"733782,282800000040000","5695668,822399999900000",12.358446735,51.364087226,9,9,9,Nord
124209,124210,14,7,13,000,2016,06,19,3,3,3,6,0,0,1,0,0,0,0,0,"739526,216600000040000","5687322,011699999700000",12.435196341,51.286775533,3,3,3,Südost
124211,124212,14,7,13,000,2016,06,21,2,3,0,6,1,0,1,0,0,0,0,0,"735076,454499999990000","5690258,089900000000000",12.373432795,51.314984544,4,4,4,Süd
124213,124214,14,7,13,000,2016,06,15,3,3,6,2,0,0,0,1,1,0,0,0,"731732,906700000050000","5690699,968399999700000",12.325826185,51.320322426,5,5,5,Südwest
124214,124215,14,7,13,000,2016,06,16,5,3,5,3,0,0,1,1,0,0,0,0,"734819,288199999950000","5696323,404000000100000",12.373748605,51.369535326,9,9,9,Nord
124218,124219,14,7,13,000,2016,06,17,3,3,5,3,0,0,1,1,0,0,0,0,"741459,696099999940000","5692963,043800000100000",12.466689354,51.336590851,2,2,2,Ost
124220,124221,14,7,13,000,2016,06,02,5,3,5,3,2,0,1,1,0,0,0,0,"732303,844799999960000","5691992,900700000100000",12.334848026,51.331695974,7,7,7,Alt-West
124221,124222,14,7,13,000,2016,06,13,2,3,5,3,0,0,1,1,0,0,0,0,"737756,981099999980000","5693476,112999999900000",12.413973254,51.342756189,2,2,2,Ost
124223,124224,14,7,13,000,2016,06,17,5,3,5,3,0,0,1,1,0,0,0,0,"736794,499599999980000","5693776,086400000400000",12.400378565,51.345850436,2,2,2,Ost
124226,124227,14,7,13,000,2016,06,15,5,3,5,3,0,0,1,1,0,0,0,0,"735659,509599999990000","5696558,206899999600000",12.385953456,51.371295018,9,9,9,Nord
124227,124228,14,7,13,000,2016,06,17,3,3,6,4,0,1,1,0,1,0,0,0,"735005,906500000040000","5691918,652999999900000",12.373516861,51.329919571,0,0,0,Mitte
124228,124229,14,7,13,000,2016,06,20,1,3,0,3,1,1,0,1,0,0,0,1,"739597,631500000020000","5696303,202600000400000",12.442255749,51.367358728,1,1,1,Nordost
124230,124231,14,7,13,000,2016,06,15,3,3,2,6,0,0,0,1,0,1,0,0,"739785,832399999960000","5695291,331600000200000",12.444272237,51.358197095,2,2,2,Ost
124231,124232,14,7,13,000,2016,06,11,6,3,4,2,0,0,0,1,0,0,0,0,"733225,687500000000000","5693907,752299999800000",12.349311264,51.348507612,0,0,0,Mitte
124234,124235,14,7,13,000,2016,06,07,2,3,5,3,0,0,1,1,0,0,0,0,"738965,132699999960000","5695068,612099999600000",12.432356922,51.356543709,1,1,1,Nordost
124235,124236,14,7,13,000,2016,06,13,5,2,6,4,0,0,0,0,1,0,0,1,"735059,588100000050000","5690432,498499999800000",12.373306151,51.316557074,4,4,4,Süd
124238,124239,14,7,13,000,2016,06,08,2,3,5,3,0,0,0,1,0,0,0,1,"734514,565799999980000","5695386,293700000300000",12.368760726,51.361249353,9,9,9,Nord
124239,124240,14,7,13,000,2016,06,20,3,3,5,2,0,0,1,1,0,0,0,0,"731242,418399999970000","5696757,605999999700000",12.322734151,51.374900458,8,8,8,Nordwest
124240,124241,14,7,13,000,2016,06,10,6,3,5,3,0,0,1,1,0,0,0,0,"734028,015800000050000","5693059,249400000100000",12.360254434,51.3405613,0,0,0,Mitte
124243,124244,14,7,13,000,2016,06,11,2,3,5,2,0,0,1,0,0,0,1,0,"734749,952500000010000","5693851,103600000000000",12.371123049,51.347371718,0,0,0,Mitte
124244,124245,14,7,13,000,2016,06,07,3,2,1,3,0,0,1,1,0,0,0,0,"740990,012899999970000","5693962,163599999600000",12.460635285,51.345757729,2,2,2,Ost
124245,124246,14,7,13,000,2016,06,14,6,3,1,2,0,0,0,1,0,0,0,0,"736489,542999999950000","5688559,571999999700000",12.392547427,51.299152834,4,4,4,Süd
124250,124251,14,7,13,000,2016,06,14,2,3,5,3,0,0,1,1,0,0,0,0,"734794,436200000000000","5692476,221500000000000",12.370854246,51.335011862,0,0,0,Mitte
124253,124254,14,7,13,000,2016,06,18,4,3,5,3,0,0,1,1,0,0,0,0,"731976,244199999960000","5693975,472000000100000",12.331445023,51.349626756,7,7,7,Alt-West
124257,124258,14,7,13,000,2016,06,13,4,3,3,5,0,0,0,1,0,0,0,0,"737416,638200000040000","5696914,424900000000000",12.411389876,51.373760714,1,1,1,Nordost
124258,124259,14,7,13,000,2016,06,18,5,3,5,3,0,0,1,1,0,0,0,0,"729134,623099999970000","5688641,866100000200000",12.287280012,51.30289864,5,5,5,Südwest
124260,124261,14,7,13,000,2016,06,17,4,3,5,3,0,0,1,1,0,0,0,0,"734319,688100000030000","5695873,045900000300000",12.366287197,51.365699037,9,9,9,Nord
124274,124275,14,7,13,000,2016,06,15,4,3,1,5,0,0,1,1,0,0,0,0,"735029,336299999970000","5696492,835799999500000",12.376872829,51.370969328,9,9,9,Nord
124278,124279,14,7,13,000,2016,06,14,4,3,5,3,0,0,0,1,0,0,0,0,"729708,328300000050000","5690340,379800000200000",12.296589687,51.317915258,6,6,6,West
124289,124290,14,7,13,000,2016,06,10,7,3,0,7,0,0,1,0,0,0,0,0,"738035,403700000020000","5691371,583100000400000",12.416557566,51.323749481,3,3,3,Südost
124304,124305,14,7,13,000,2016,06,19,7,3,5,3,0,0,1,1,0,0,0,0,"739014,928599999980000","5697674,268699999900000",12.434822193,51.379910542,1,1,1,Nordost
124309,124310,14,7,13,000,2016,06,15,2,3,6,4,0,0,0,1,1,0,0,0,"735678,282099999950000","5696092,651600000400000",12.385914094,51.367108305,9,9,9,Nord
124311,124312,14,7,13,000,2016,06,17,4,3,5,3,0,0,1,1,0,0,0,0,"742274,225800000010000","5694563,018799999700000",12.479449171,51.350604841,2,2,2,Ost
124328,124329,14,7,13,000,2016,06,10,3,3,5,2,0,0,1,0,0,0,0,1,"735271,085100000030000","5691395,456399999600000",12.376971055,51.325113555,4,4,4,Süd
124334,124335,14,7,13,000,2016,06,21,6,3,4,2,2,0,1,1,0,0,0,0,"733986,761100000000000","5692378,852099999800000",12.359216246,51.334470684,0,0,0,Mitte
124343,124344,14,7,13,000,2016,06,13,3,3,4,2,0,0,0,1,0,0,0,0,"739101,124300000020000","5699445,849600000300000",12.437251052,51.395775459,1,1,1,Nordost
124346,124347,14,7,13,000,2016,06,17,6,3,2,6,0,0,0,1,0,0,0,0,"733008,533000000050000","5690594,785000000100000",12.344031837,51.318857322,5,5,5,Südwest
124359,124360,14,7,13,000,2016,06,18,7,3,2,6,0,0,1,1,0,0,0,0,"734211,804800000040000","5692164,088800000000000",12.362299928,51.332450236,0,0,0,Mitte
124361,124362,14,7,13,000,2016,06,12,4,3,3,5,0,1,1,1,0,0,0,0,"735015,498999999950000","5691303,257399999500000",12.373248537,51.324391573,4,4,4,Süd
124365,124366,14,7,13,000,2016,06,18,7,3,5,3,0,0,1,1,0,0,0,0,"736418,109000000050000","5692681,894799999900000",12.394257424,51.336185419,3,3,3,Südost
124368,124369,14,7,13,000,2016,06,16,4,3,0,7,0,0,0,0,0,0,0,1,"735463,220300000040000","5693303,764399999800000",12.380984853,51.342163661,0,0,0,Mitte
124370,124371,14,7,13,000,2016,06,12,6,3,5,3,0,0,0,1,0,1,0,0,"729629,435100000000000","5700948,649600000100000",12.302309128,51.413177745,8,8,8,Nordwest
124376,124377,14,7,13,000,2016,06,14,4,3,1,6,0,1,0,1,0,0,0,1,"735334,829400000050000","5692595,070799999900000",12.378676509,51.335855348,0,0,0,Mitte
124378,124379,14,7,13,000,2016,06,12,6,2,6,4,0,0,0,1,1,0,0,0,"738701,323699999950000","5697412,063600000000000",12.430148019,51.377688959,1,1,1,Nordost
124379,124380,14,7,13,000,2016,06,15,4,3,2,6,0,1,0,1,0,0,0,0,"739077,851299999980000","5688923,023900000400000",12.42985026,51.301334428,3,3,3,Südost
124380,124381,14,7,13,000,2016,06,06,6,2,0,1,0,1,1,0,0,0,0,0,"729041,414200000000000","5698682,395600000400000",12.292405096,51.393071326,8,8,8,Nordwest
124381,124382,14,7,13,000,2016,06,17,2,2,5,3,0,0,0,1,0,0,0,0,"730412,190999999990000","5690950,947399999900000",12.307067483,51.323111787,6,6,6,West
124388,124389,14,7,13,000,2016,06,20,4,3,5,3,0,0,1,1,0,0,0,0,"735723,102799999990000","5690290,600499999700000",12.382716585,51.315008919,4,4,4,Süd
124391,124392,14,7,13,000,2016,06,08,6,3,6,4,0,0,1,0,1,0,0,0,"735166,567900000020000","5693417,025899999800000",12.376808004,51.343303104,0,0,0,Mitte
124403,124404,14,7,13,000,2016,06,17,3,3,4,7,0,1,0,1,0,0,0,1,"734046,891999999990000","5696708,713000000500000",12.362925479,51.373312794,9,9,9,Nord
124404,124405,14,7,13,000,2016,06,14,1,1,6,7,0,0,0,1,1,0,0,0,"726914,353899999990000","5689664,669900000100000",12.256132838,51.312970039,6,6,6,West
124410,124411,14,7,13,000,2016,06,06,1,2,7,1,0,0,1,0,0,0,0,0,"734212,613400000030000","5692116,520700000200000",12.362280248,51.332022908,0,0,0,Mitte
124411,124412,14,7,13,000,2016,06,14,4,3,1,6,0,1,0,1,0,0,0,0,"738226,960300000040000","5694607,486399999800000",12.421465886,51.352714595,1,1,1,Nordost
124417,124418,14,7,13,000,2016,06,15,6,2,5,3,0,0,1,1,0,0,0,0,"734807,361999999960000","5692362,543999999800000",12.370964552,51.33398611,0,0,0,Mitte
124419,124420,14,7,13,000,2016,05,09,3,3,5,3,0,0,0,1,0,0,0,0,"729778,560399999960000","5691142,710400000200000",12.29811289,51.325089504,6,6,6,West
124420,124421,14,7,13,000,2016,06,09,1,3,6,4,0,0,0,1,1,0,0,0,"735416,915500000000000","5690281,225200000200000",12.378324695,51.315051493,4,4,4,Süd
124427,124428,14,7,13,000,2016,06,07,2,3,5,3,0,0,1,1,0,0,0,0,"740861,836499999980000","5695030,529799999700000",12.459521185,51.355401229,2,2,2,Ost
124429,124430,14,7,13,000,2016,05,19,3,2,6,2,0,1,0,1,1,0,0,0,"732138,107899999940000","5692759,818300000400000",12.332972826,51.338648072,7,7,7,Alt-West