FID_left,OBJECTID,ULAND,UREGBEZ,UKREIS,UGEMEINDE,UJAHR,UMONAT,USTUNDE,UWOCHENTAG,UKATEGORIE,UART,UTYP1,ULICHTVERH,IstStrasse,IstRad,IstPKW,IstFuss,IstKrad,IstGkfz,IstSonstig,LINREFX,LINREFY,XGCSWGS84,YGCSWGS84,index_right,FID_right,SBZ,Name
124944,124945,14,7,13,000,2016,07,16,7,2,4,2,0,1,1,0,0,0,0,1,"730555,730400000000000","5691782,223000000200000",12.309661701,51.330515989,7,7,7,Alt-West
124948,124949,14,7,13,000,2016,07,13,6,3,3,2,0,0,1,1,0,0,0,0,"740896,705399999980000","5694761,232599999800000",12.459838743,51.352969361,2,2,2,Ost
124949,124950,14,7,13,000,2016,07,16,7,3,5,3,0,1,1,0,0,0,0,0,"730010,314800000050000","5690095,776600000400000",12.300758085,51.31559746,6,6,6,West
124951,124952,14,7,13,000,2016,07,14,4,3,5,3,0,0,0,1,0,0,0,1,"736067,481999999960000","5693598,825899999600000",12.389840688,51.344561649,0,0,0,Mitte
124993,124994,14,7,13,000,2016,07,14,2,3,3,5,0,0,0,1,0,0,0,0,"737311,412800000050000","5693901,784099999800000",12.407871159,51.346763175,2,2,2,Ost
124997,124998,14,7,13,000,2016,07,09,6,2,5,3,0,0,1,1,0,0,0,0,"730304,459200000040000","5693552,126500000200000",12.307205499,51.346506187,7,7,7,Alt-West
125001,125002,14,7,13,000,2016,07,09,4,3,0,5,0,1,1,0,0,0,1,0,"735605,667099999960000","5695866,074500000100000",12.384722706,51.365104616,9,9,9,Nord
125004,125005,14,7,13,000,2016,07,07,2,3,5,2,0,0,1,1,0,0,0,0,"736176,328100000040000","5691039,013799999800000",12.389703994,51.321538983,0,0,0,Mitte
125007,125008,14,7,13,000,2016,06,15,3,3,2,6,0,0,0,1,0,0,0,0,"734377,446200000010000","5691589,608099999800000",12.364295624,51.327225194,0,0,0,Mitte
125011,125012,14,7,13,000,2016,06,17,3,3,3,6,0,0,1,1,0,0,0,0,"734794,568899999950000","5692427,638000000300000",12.37082413,51.334575702,0,0,0,Mitte
125015,125016,14,7,13,000,2016,07,12,4,3,5,2,0,0,1,1,0,0,0,0,"734844,088699999960000","5695338,550300000200000",12.373453942,51.360684696,9,9,9,Nord
125018,125019,14,7,13,000,2016,07,08,6,3,5,3,0,0,0,1,0,0,0,0,"734168,751200000060000","5693037,775200000000000",12.362257308,51.340310599,0,0,0,Mitte
125020,125021,14,7,13,000,2016,06,16,3,3,3,2,0,0,1,1,0,0,0,0,"741972,886999999990000","5686403,855999999700000",12.469595199,51.277500712,3,3,3,Südost
125024,125025,14,7,13,000,2016,07,11,6,3,0,5,0,0,1,1,0,0,0,0,"731856,605600000010000","5690850,447499999800000",12.327696149,51.321622863,5,5,5,Südwest
125027,125028,14,7,13,000,2016,07,14,4,3,4,2,0,0,1,1,0,0,0,0,"735724,542800000050000","5689110,632100000000000",12.381957621,51.304416523,4,4,4,Süd
125030,125031,14,7,13,000,2016,06,18,3,3,0,1,0,0,1,0,0,0,0,0,"739962,333800000020000","5693961,947800000200000",12.445906305,51.346190474,2,2,2,Ost
125032,125033,14,7,13,000,2016,07,11,6,3,5,3,0,0,1,1,0,0,0,0,"733573,170799999960000","5692169,929800000000000",12.353152527,51.33276528,0,0,0,Mitte
125033,125034,14,7,13,000,2016,07,17,4,1,5,3,0,0,1,1,0,0,0,1,"737186,824499999990000","5693843,135200000400000",12.406046353,51.346288731,2,2,2,Ost
125035,125036,14,7,13,000,2016,07,12,6,3,4,2,0,0,1,1,1,0,0,0,"732447,758299999990000","5692792,130199999500000",12.337431693,51.338811639,7,7,7,Alt-West
125036,125037,14,7,13,000,2016,06,12,3,3,6,7,0,0,0,0,1,0,0,1,"735446,003000000030000","5691694,039300000300000",12.379674284,51.327721379,0,0,0,Mitte
125040,125041,14,7,13,000,2016,07,15,2,3,3,2,0,0,1,1,0,0,0,0,"728956,772800000040000","5691092,312699999700000",12.286305905,51.324968382,6,6,6,West
125044,125045,14,7,13,000,2016,07,00,6,3,0,1,2,1,1,0,0,0,0,0,"738188,924000000000000","5692414,271999999900000",12.419453689,51.333044379,2,2,2,Ost
125050,125051,14,7,13,000,2016,07,14,6,3,1,7,0,0,1,1,0,0,0,0,"732692,279699999960000","5691942,928899999700000",12.340381423,51.331088621,5,5,5,Südwest
125053,125054,14,7,13,000,2016,07,07,6,3,5,3,0,0,0,1,0,0,0,0,"738931,863999999940000","5688213,173000000400000",12.427284875,51.295024125,3,3,3,Südost
125054,125055,14,7,13,000,2016,07,08,6,3,5,3,0,0,0,1,0,0,0,0,"736122,155000000030000","5695096,213000000500000",12.391617636,51.357979786,9,9,9,Nord
125071,125072,14,7,13,000,2016,07,14,2,2,9,1,0,0,0,0,0,1,0,0,"735106,015299999970000","5694826,236899999900000",12.376870877,51.355977696,0,0,0,Mitte
125073,125074,14,7,13,000,2016,07,22,2,3,4,2,2,0,1,1,0,0,0,0,"735353,391599999970000","5693428,065399999700000",12.379492934,51.343324897,0,0,0,Mitte
125086,125087,14,7,13,000,2016,07,16,2,3,3,2,0,0,1,1,0,0,0,0,"735073,250099999950000","5689670,027599999700000",12.372999385,51.309707172,4,4,4,Süd
125099,125100,14,7,13,000,2016,07,16,2,3,3,5,0,0,0,1,0,1,0,0,"737716,178500000040000","5694901,075299999700000",12.414340038,51.355563693,1,1,1,Nordost
125101,125102,14,7,13,000,2016,07,18,1,3,3,6,0,0,1,1,0,0,0,0,"732399,082700000030000","5690875,051000000000000",12.335483883,51.32162242,5,5,5,Südwest
125109,125110,14,7,13,000,2016,07,18,2,3,5,3,0,0,0,1,0,1,0,0,"736676,174499999960000","5692250,409599999900000",12.397668854,51.332205003,3,3,3,Südost
125112,125113,14,7,13,000,2016,07,15,2,2,5,3,0,0,1,1,0,0,0,0,"736652,369700000040000","5692456,874099999700000",12.397464892,51.334068167,3,3,3,Südost
125113,125114,14,7,13,000,2016,07,17,1,2,0,1,0,0,0,0,0,1,0,0,"735182,645099999970000","5695239,089399999900000",12.378242364,51.359651881,0,0,0,Mitte
125114,125115,14,7,13,000,2016,07,09,3,3,5,3,0,0,1,1,0,0,0,0,"737579,773399999950000","5692698,250599999900000",12.41091471,51.335848146,2,2,2,Ost
125125,125126,14,7,13,000,2016,07,09,3,3,1,6,0,1,1,1,0,0,0,0,"734769,484500000020000","5691386,133100000200000",12.369778556,51.325237067,4,4,4,Süd
125129,125130,14,7,13,000,2016,07,08,3,3,5,3,0,1,1,1,0,0,0,0,"730162,596600000050000","5693304,641599999700000",12.305011988,51.344341968,7,7,7,Alt-West
125130,125131,14,7,13,000,2016,08,18,2,2,0,7,0,1,0,1,0,0,0,0,"735141,672999999950000","5692745,095499999800000",12.376007581,51.337281917,0,0,0,Mitte
125132,125133,14,7,13,000,2016,07,12,3,3,5,3,0,0,1,1,0,0,0,0,"735709,334999999960000","5692651,061099999600000",12.384080231,51.336202843,0,0,0,Mitte
125138,125139,14,7,13,000,2016,07,18,1,3,2,6,0,0,0,1,0,0,0,0,"733730,457000000050000","5693754,819799999700000",12.35644642,51.346927496,0,0,0,Mitte
125139,125140,14,7,13,000,2016,07,23,5,3,0,7,2,0,1,0,0,0,0,0,"734727,889300000040000","5692481,104600000200000",12.369903849,51.335083163,0,0,0,Mitte
125140,125141,14,7,13,000,2016,07,16,3,3,5,2,0,0,1,1,0,0,0,0,"737907,232700000050000","5690207,368400000000000",12.413944724,51.313353061,3,3,3,Südost
125141,125142,14,7,13,000,2016,08,15,2,2,5,2,0,0,1,1,0,0,0,0,"737188,626300000000000","5694053,704300000300000",12.406212464,51.348178061,2,2,2,Ost
125142,125143,14,7,13,000,2016,07,21,1,2,4,1,2,1,0,1,0,0,0,0,"733309,209999999960000","5692088,130199999500000",12.349316527,51.332139331,7,7,7,Alt-West
125143,125144,14,7,13,000,2016,07,07,2,3,5,3,0,0,1,1,0,0,0,0,"733113,267400000010000","5696088,006799999600000",12.349128289,51.368124952,8,8,8,Nordwest
125145,125146,14,7,13,000,2016,07,17,1,3,5,3,0,0,1,1,0,0,0,0,"727245,191400000010000","5693205,883999999600000",12.263129994,51.344628971,7,7,7,Alt-West
125148,125149,14,7,13,000,2016,07,04,5,2,0,1,2,0,1,0,0,0,0,0,"735009,606400000050000","5692357,586500000200000",12.373859361,51.33385808,0,0,0,Mitte
125153,125154,14,7,13,000,2016,07,16,5,2,3,2,0,0,1,1,0,0,0,0,"741315,743200000030000","5696191,896700000400000",12.466815668,51.365632505,2,2,2,Ost
125155,125156,14,7,13,000,2016,07,10,3,3,0,7,0,1,1,0,0,0,0,0,"734725,558399999980000","5690586,449599999900000",12.368622765,51.318076874,4,4,4,Süd
125160,125161,14,7,13,000,2016,07,09,3,3,2,2,0,0,1,1,0,0,0,0,"737711,124199999960000","5693287,173299999900000",12.413189931,51.341079439,2,2,2,Ost
125167,125168,14,7,13,000,2016,07,15,5,3,3,6,0,0,1,1,0,0,0,0,"734501,533999999990000","5699257,854399999600000",12.371128606,51.39600722,9,9,9,Nord
125168,125169,14,7,13,000,2016,07,16,5,3,5,3,0,0,0,1,0,0,0,0,"739925,887499999950000","5693562,874300000300000",12.445115052,51.342623892,2,2,2,Ost
125169,125170,14,7,13,000,2016,07,19,3,2,8,1,0,0,0,1,0,0,0,0,"732498,061899999970000","5694033,563900000400000",12.338963219,51.349935042,7,7,7,Alt-West
125172,125173,14,7,13,000,2016,08,15,4,3,0,7,0,0,0,0,0,1,0,0,"740659,363299999970000","5693919,137400000400000",12.455867329,51.345511601,2,2,2,Ost
125174,125175,14,7,13,000,2016,07,11,3,3,2,6,0,0,0,1,0,0,0,0,"735783,462000000060000","5692856,230000000400000",12.385278278,51.338013768,0,0,0,Mitte
125178,125179,14,7,13,000,2016,07,10,3,3,5,3,0,0,1,0,0,0,0,1,"734810,067599999950000","5692363,091199999700000",12.371003683,51.333989905,0,0,0,Mitte
125179,125180,14,7,13,000,2016,07,21,5,2,6,7,2,0,0,1,1,0,0,0,"735049,738800000050000","5692623,130199999500000",12.374609634,51.336225116,0,0,0,Mitte
125180,125181,14,7,13,000,2016,07,18,5,3,1,6,0,0,0,1,0,0,0,0,"731228,908199999950000","5696573,858099999800000",12.322420844,51.373256492,8,8,8,Nordwest
125184,125185,14,7,13,000,2016,07,18,5,3,3,6,0,0,1,1,0,0,0,0,"734367,955100000020000","5691620,065299999900000",12.364179666,51.327502502,0,0,0,Mitte
125185,125186,14,7,13,000,2016,07,14,5,3,2,2,0,0,0,1,0,0,0,0,"734206,677900000010000","5692887,395999999700000",12.362701978,51.338945103,0,0,0,Mitte
125188,125189,14,7,13,000,2016,08,13,4,2,6,2,0,0,0,1,1,0,0,0,"737508,855899999970000","5694667,609299999700000",12.411212098,51.35355478,1,1,1,Nordost
125190,125191,14,7,13,000,2016,07,19,5,3,5,3,0,0,1,0,0,1,0,0,"737173,765600000040000","5693758,731399999900000",12.405802957,51.345536565,2,2,2,Ost
125194,125195,14,7,13,000,2016,07,10,3,3,0,1,0,0,1,0,0,0,0,0,"736032,617800000010000","5688230,058600000100000",12.385787087,51.296384582,4,4,4,Süd
125199,125200,14,7,13,000,2016,07,23,7,3,2,6,2,0,0,1,0,0,0,0,"731174,030600000060000","5691906,885700000500000",12.318602404,51.331384131,7,7,7,Alt-West
125200,125201,14,7,13,000,2016,07,21,7,3,4,2,1,0,1,1,0,0,0,0,"736034,423799999990000","5692563,806099999700000",12.388680964,51.335284794,0,0,0,Mitte
125204,125205,14,7,13,000,2016,07,18,7,3,6,6,0,0,1,0,1,0,0,0,"735292,662800000050000","5693578,024100000000000",12.378721633,51.344696109,0,0,0,Mitte
125206,125207,14,7,13,000,2016,07,17,5,3,2,6,0,0,0,0,0,1,0,1,"729823,686400000010000","5693913,772400000100000",12.300547318,51.349947256,7,7,7,Alt-West
125214,125215,14,7,13,000,2016,08,09,3,3,3,2,0,1,1,1,0,0,0,0,"735111,175700000020000","5694290,366299999900000",12.376590845,51.351165412,0,0,0,Mitte
125215,125216,14,7,13,000,2016,07,22,4,3,5,3,2,0,0,1,0,0,0,0,"737136,661599999990000","5694428,076500000400000",12.405717024,51.351560128,1,1,1,Nordost
125217,125218,14,7,13,000,2016,07,21,5,2,6,4,1,0,0,1,1,0,0,0,"742273,535799999950000","5694338,117399999900000",12.479286217,51.348586562,2,2,2,Ost
125221,125222,14,7,13,000,2016,07,15,5,3,5,3,0,0,1,1,0,0,0,0,"737088,254100000020000","5697897,815100000200000",12.407336408,51.382724805,1,1,1,Nordost
125229,125230,14,7,13,000,2016,08,09,3,3,5,3,0,1,0,1,0,0,0,1,"730821,241000000040000","5696863,553000000300000",12.316761934,51.376022861,8,8,8,Nordwest
125232,125233,14,7,13,000,2016,07,23,5,3,6,4,2,0,0,1,1,0,0,0,"735629,444800000060000","5691506,482800000300000",12.382178561,51.325961862,0,0,0,Mitte
125263,125264,14,7,13,000,2016,07,11,3,3,4,2,0,0,0,1,0,0,0,0,"731895,934400000030000","5689081,675699999600000",12.327109687,51.305728858,5,5,5,Südwest
125276,125277,14,7,13,000,2016,07,13,7,3,0,1,0,0,1,0,0,0,0,0,"735166,546100000040000","5693416,899899999600000",12.376807608,51.343301982,0,0,0,Mitte
125289,125290,14,7,13,000,2016,07,15,2,3,9,1,0,1,0,1,0,0,0,0,"730808,670099999990000","5694778,898199999700000",12.315228594,51.357314308,7,7,7,Alt-West
125290,125291,14,7,13,000,2016,07,20,6,3,5,3,1,0,1,1,0,0,0,0,"732335,326000000000000","5693060,296000000100000",12.335995287,51.341264836,7,7,7,Alt-West
125293,125294,14,7,13,000,2016,07,08,4,3,5,3,0,0,1,1,0,0,0,0,"734757,499199999960000","5691171,505099999700000",12.369465504,51.323315418,4,4,4,Süd
125296,125297,14,7,13,000,2016,07,07,6,3,0,1,0,0,1,0,0,0,0,0,"729257,415700000010000","5694930,593299999800000",12.293084496,51.359304019,7,7,7,Alt-West
125299,125300,14,7,13,000,2016,07,08,4,3,2,6,0,0,1,1,0,0,0,0,"734342,164200000000000","5696049,437199999600000",12.366725731,51.367273125,9,9,9,Nord
125301,125302,14,7,13,000,2016,07,23,2,3,4,6,2,0,1,0,0,0,0,0,"737163,262100000050000","5694211,464999999900000",12.405954007,51.349604713,0,0,0,Mitte
125305,125306,14,7,13,000,2016,07,15,6,3,0,7,0,0,1,0,0,0,0,0,"735024,563300000040000","5691648,486300000000000",12.373606021,51.327486741,0,0,0,Mitte
125306,125307,14,7,13,000,2016,07,07,2,3,3,6,0,0,0,0,0,0,0,1,"733018,645900000000000","5690597,241399999700000",12.344178312,51.318875231,5,5,5,Südwest
125308,125309,14,7,13,000,2016,07,11,6,3,3,2,0,0,0,1,0,1,0,0,"743596,436400000010000","5694304,373399999900000",12.498223364,51.347718388,2,2,2,Ost
125311,125312,14,7,13,000,2016,07,14,4,3,3,6,0,0,0,1,0,0,0,0,"735683,756599999960000","5696162,815000000400000",12.386039099,51.367735836,9,9,9,Nord
125314,125315,14,7,13,000,2016,07,11,6,3,4,6,0,0,1,0,0,0,0,0,"730893,518000000040000","5690676,093999999600000",12.313785502,51.320449321,7,7,7,Alt-West
125315,125316,14,7,13,000,2016,07,10,6,2,6,7,0,0,0,0,1,0,0,1,"736767,217599999970000","5693046,220300000200000",12.399502275,51.339310425,2,2,2,Ost
125317,125318,14,7,13,000,2016,07,23,7,3,6,4,2,0,0,1,1,0,0,0,"737074,574000000020000","5692966,264700000200000",12.403853724,51.338464683,3,3,3,Südost
125320,125321,14,7,13,000,2016,07,18,4,3,5,3,0,0,1,1,0,0,0,0,"735168,283100000000000","5693589,477900000300000",12.37694648,51.344850382,0,0,0,Mitte
125325,125326,14,7,13,000,2016,07,09,3,3,0,7,0,0,1,0,0,0,0,0,"735614,888700000010000","5696835,927199999800000",12.38549761,51.373806407,9,9,9,Nord
125326,125327,14,7,13,000,2016,07,14,4,3,4,2,0,0,1,1,0,0,0,0,"734851,659499999950000","5692097,149100000000000",12.371424392,51.331585528,0,0,0,Mitte
125327,125328,14,7,13,000,2016,07,12,7,3,6,4,0,0,1,0,1,0,0,0,"738860,767100000060000","5693428,098799999800000",12.429759992,51.341862609,2,2,2,Ost
125328,125329,14,7,13,000,2016,07,16,6,3,1,1,0,0,0,1,0,1,0,0,"737113,324600000050000","5693145,797700000000000",12.404528556,51.340060032,2,2,2,Ost
125331,125332,14,7,13,000,2016,07,11,6,3,5,3,0,0,1,1,0,0,0,0,"737260,913100000010000","5694405,823599999800000",12.407483282,51.351308535,1,1,1,Nordost
125332,125333,14,7,13,000,2016,07,17,4,3,4,2,0,0,1,1,0,0,0,0,"737637,238600000040000","5692162,837200000000000",12.411381069,51.33101825,3,3,3,Südost
125333,125334,14,7,13,000,2016,07,11,4,3,5,3,0,0,0,1,0,0,0,0,"733008,533000000050000","5690594,785000000100000",12.344031837,51.318857322,5,5,5,Südwest
125338,125339,14,7,13,000,2016,07,16,4,3,5,3,0,0,0,1,0,0,0,0,"736324,587199999950000","5687463,033599999700000",12.389459842,51.28937846,4,4,4,Süd
125342,125343,14,7,13,000,2016,07,22,6,2,9,1,2,1,0,1,0,0,0,0,"730324,934200000020000","5690918,139100000300000",12.305796143,51.322852595,6,6,6,West
125344,125345,14,7,13,000,2016,07,19,4,3,4,2,0,0,1,1,0,0,0,0,"737562,937999999970000","5693390,648299999500000",12.411135263,51.342070162,2,2,2,Ost
125348,125349,14,7,13,000,2016,07,14,4,3,5,3,0,0,0,1,0,1,0,0,"733080,174899999980000","5696163,303100000100000",12.348703079,51.368814433,8,8,8,Nordwest
125360,125361,14,7,13,000,2016,07,08,4,3,5,3,0,0,1,1,0,0,0,0,"734512,345500000050000","5691266,742600000500000",12.366015993,51.32427141,4,4,4,Süd
125364,125365,14,7,13,000,2016,07,15,3,3,6,4,0,0,0,0,1,0,1,0,"727297,111299999990000","5688412,068599999900000",12.260817814,51.301572152,6,6,6,West
125371,125372,14,7,13,000,2016,08,20,2,3,6,4,0,0,0,1,1,0,0,0,"737566,111900000020000","5691530,058000000200000",12.409940178,51.325368099,3,3,3,Südost
125378,125379,14,7,13,000,2016,08,14,2,3,5,3,0,0,1,1,0,0,0,0,"742634,462900000040000","5693723,182099999900000",12.484040158,51.342913385,2,2,2,Ost
125379,125380,14,7,13,000,2016,08,09,4,3,4,2,0,1,0,1,0,1,0,0,"731772,258000000030000","5692341,626000000200000",12.327457486,51.33504327,7,7,7,Alt-West
125381,125382,14,7,13,000,2016,08,21,7,3,1,3,2,0,1,1,0,0,0,0,"735547,656700000050000","5692912,051199999600000",12.381935935,51.338612555,0,0,0,Mitte
125384,125385,14,7,13,000,2016,08,15,5,3,5,2,0,0,1,1,0,0,0,0,"735105,952399999950000","5694047,176599999900000",12.376355346,51.348984621,0,0,0,Mitte
125388,125389,14,7,13,000,2016,08,08,5,3,5,3,0,0,1,1,0,0,0,0,"732342,158999999990000","5688323,152999999900000",12.333006496,51.29873782,5,5,5,Südwest
125390,125391,14,7,13,000,2016,08,18,1,3,0,3,0,0,1,1,0,0,0,0,"732878,365100000050000","5693069,938199999700000",12.343784599,51.341129247,7,7,7,Alt-West
125392,125393,14,7,13,000,2016,08,15,1,2,3,2,0,0,0,1,0,0,0,1,"733468,366500000000000","5694423,861800000100000",12.353128453,51.35304088,0,0,0,Mitte
125399,125400,14,7,13,000,2016,08,11,1,3,0,1,0,0,0,1,0,1,0,0,"732441,889500000050000","5691532,769200000000000",12.336526011,51.327509102,5,5,5,Südwest
125403,125404,14,7,13,000,2016,08,18,3,3,1,7,0,0,1,1,0,0,0,0,"736938,954600000060000","5696059,661799999900000",12.403969555,51.366287799,1,1,1,Nordost
125405,125406,14,7,13,000,2016,08,01,1,3,5,3,2,0,0,1,0,0,0,0,"737504,140600000040000","5697071,167999999600000",12.412749513,51.37513105,1,1,1,Nordost
125408,125409,14,7,13,000,2016,08,14,4,3,5,2,0,0,1,1,0,0,0,0,"729395,805500000020000","5700879,306499999900000",12.298910428,51.4126498,8,8,8,Nordwest
125414,125415,14,7,13,000,2016,08,13,6,3,2,6,0,0,0,1,0,0,0,0,"742206,605300000050000","5694015,881900000400000",12.478107714,51.345722895,2,2,2,Ost
125427,125428,14,7,13,000,2016,08,19,7,3,0,1,2,0,1,0,0,0,0,0,"729831,832100000000000","5694455,855999999700000",12.301014152,51.354810259,7,7,7,Alt-West
125428,125429,14,7,13,000,2016,08,07,3,3,5,2,0,0,0,1,0,0,0,0,"733742,239100000010000","5692479,380300000300000",12.355778204,51.335473625,0,0,0,Mitte
125429,125430,14,7,13,000,2016,08,09,4,2,0,4,0,0,1,0,1,0,0,0,"737210,305100000000000","5697098,045599999800000",12.408553292,51.375495105,1,1,1,Nordost
125430,125431,14,7,13,000,2016,08,09,2,2,4,2,0,0,0,1,0,0,0,0,"735997,997500000060000","5699790,993999999900000",12.3929554,51.400172423,9,9,9,Nord
125431,125432,14,7,13,000,2016,08,15,3,3,5,3,0,0,1,1,0,0,0,0,"734792,893599999950000","5692632,878499999600000",12.370935387,51.336418716,0,0,0,Mitte
125432,125433,14,7,13,000,2016,08,16,7,3,1,5,0,0,1,1,0,0,0,0,"732122,325199999960000","5692967,993900000100000",12.332882306,51.340523255,7,7,7,Alt-West
125436,125437,14,7,13,000,2016,08,20,5,3,2,6,1,1,1,1,0,0,0,0,"736934,956099999950000","5693034,681699999600000",12.401898432,51.33913699,3,3,3,Südost
125440,125441,14,7,13,000,2016,08,17,5,3,1,1,0,0,0,1,0,1,0,0,"734950,515499999980000","5695877,997999999700000",12.375336206,51.365482959,9,9,9,Nord
125445,125446,14,7,13,000,2016,08,16,2,3,5,3,0,0,1,1,0,0,0,0,"731434,816600000020000","5689041,441499999700000",12.320479676,51.305555312,5,5,5,Südwest
125448,125449,14,7,13,000,2016,08,19,4,2,3,2,0,0,1,1,0,0,0,0,"735473,206800000040000","5689472,186499999800000",12.378596986,51.307765975,4,4,4,Süd
125450,125451,14,7,13,000,2016,08,09,2,3,3,5,0,0,1,1,0,0,0,0,"735763,388700000010000","5692972,676599999900000",12.385067689,51.339067347,0,0,0,Mitte
125455,125456,14,7,13,000,2016,08,13,7,3,6,2,0,0,0,1,1,0,0,0,"733902,567400000060000","5695036,651399999900000",12.359755847,51.358363056,9,9,9,Nord
125456,125457,14,7,13,000,2016,08,23,7,3,5,2,2,0,0,1,0,0,0,0,"734805,725899999960000","5691693,353299999600000",12.370500165,51.327979851,0,0,0,Mitte
125458,125459,14,7,13,000,2016,08,14,4,2,0,2,0,0,1,0,0,0,0,1,"737279,724099999990000","5692936,462500000400000",12.406773775,51.338111616,3,3,3,Südost
125465,125466,14,7,13,000,2016,08,05,6,3,9,3,1,1,0,1,0,0,0,0,"730597,729799999970000","5689642,961699999900000",12.308879971,51.311294834,5,5,5,Südwest
125466,125467,14,7,13,000,2016,08,07,2,3,2,2,0,0,0,1,0,0,0,1,"734555,649100000040000","5691369,776399999900000",12.366704184,51.325178439,4,4,4,Süd
125468,125469,14,7,13,000,2016,08,15,4,3,5,2,0,1,1,1,0,0,0,0,"736850,479100000000000","5693047,208800000100000",12.40069614,51.339284626,3,3,3,Südost
125477,125478,14,7,13,000,2016,08,11,2,3,3,7,0,0,0,1,0,0,0,1,"736724,557099999980000","5689264,387600000000000",12.396379892,51.305381774,4,4,4,Süd
125481,125482,14,7,13,000,2016,08,11,2,3,2,2,0,0,0,1,0,0,0,0,"736808,040799999960000","5695800,911200000000000",12.401920065,51.364019818,1,1,1,Nordost
125486,125487,14,7,13,000,2016,08,21,5,3,0,1,2,1,1,0,0,0,0,0,"730816,459000000030000","5694479,761900000300000",12.31514623,51.354625832,7,7,7,Alt-West
125490,125491,14,7,13,000,2016,08,18,5,3,5,7,0,0,0,1,0,0,0,0,"731760,055300000010000","5689906,191399999900000",12.325699282,51.313185753,5,5,5,Südwest
125491,125492,14,7,13,000,2016,08,16,2,3,4,2,0,0,0,1,0,0,0,0,"737637,561600000020000","5692162,806800000400000",12.411385677,51.331017842,3,3,3,Südost
125494,125495,14,7,13,000,2016,08,15,6,3,5,2,0,0,1,1,0,0,0,0,"739257,037900000000000","5691538,721699999600000",12.434170314,51.324737308,2,2,2,Ost
125496,125497,14,7,13,000,2016,08,10,4,3,5,3,0,0,1,1,0,0,0,0,"736337,684299999960000","5692058,025000000400000",12.392691123,51.330618861,0,0,0,Mitte
125500,125501,14,7,13,000,2016,08,10,3,3,0,7,0,0,0,1,0,0,0,1,"734021,514800000000000","5690858,996100000100000",12.358716337,51.320813356,4,4,4,Süd
125503,125504,14,7,13,000,2016,08,11,5,2,4,1,0,0,0,0,0,0,0,1,"730843,692999999970000","5693893,717699999900000",12.315156576,51.349353916,7,7,7,Alt-West
125509,125510,14,7,13,000,2016,08,07,3,3,6,7,0,0,1,0,0,0,0,1,"734908,975199999990000","5693360,516900000200000",12.373078783,51.342902341,0,0,0,Mitte
125511,125512,14,7,13,000,2016,08,10,1,2,5,3,0,0,1,1,0,0,0,0,"736680,956899999990000","5697155,926900000300000",12.400999864,51.376235501,1,1,1,Nordost
125515,125516,14,7,13,000,2016,08,16,4,2,5,3,0,0,1,1,0,0,0,0,"736336,787900000000000","5692056,967400000400000",12.392677578,51.33060974,0,0,0,Mitte
125518,125519,14,7,13,000,2016,08,07,6,3,5,3,0,1,1,1,0,0,0,0,"730532,836600000040000","5691809,978199999800000",12.309351601,51.330774426,6,6,6,West
125526,125527,14,7,13,000,2016,08,15,2,3,0,5,0,0,1,1,0,0,0,0,"737151,060300000010000","5696879,941800000100000",12.40755809,51.373562146,1,1,1,Nordost
125530,125531,14,7,13,000,2016,08,17,2,3,4,2,0,0,1,1,0,0,0,0,"734068,312999999970000","5696089,521999999900000",12.362825057,51.367745843,9,9,9,Nord
125531,125532,14,7,13,000,2016,08,13,6,3,5,3,0,0,0,1,0,0,0,0,"732162,960700000050000","5690974,176599999900000",12.332165669,51.322608639,5,5,5,Südwest
125532,125533,14,7,13,000,2016,08,16,3,2,9,1,0,0,0,0,0,1,0,0,"732227,607599999990000","5692571,130400000100000",12.334132488,51.336917727,7,7,7,Alt-West
125533,125534,14,7,13,000,2016,08,16,4,3,2,6,0,0,0,1,0,0,0,0,"735413,783100000000000","5690367,240500000300000",12.378336601,51.315824894,4,4,4,Süd
125534,125535,14,7,13,000,2016,08,18,2,3,2,6,0,0,1,0,0,0,0,0,"736050,486000000030000","5688171,580099999900000",12.386004259,51.295852255,4,4,4,Süd
125536,125537,14,7,13,000,2016,08,08,7,3,5,3,0,0,1,1,0,0,0,0,"731841,447399999950000","5689852,153199999600000",12.326830004,51.312667513,5,5,5,Südwest
125539,125540,14,7,13,000,2016,08,06,5,3,0,5,0,0,1,1,0,0,0,0,"731480,506000000050000","5693282,983099999800000",12.32388829,51.343612499,7,7,7,Alt-West
125546,125547,14,7,13,000,2016,08,16,2,3,1,6,0,0,0,1,0,0,0,0,"739637,004800000000000","5692349,041100000000000",12.440158443,51.331850645,2,2,2,Ost
125548,125549,14,7,13,000,2016,08,14,6,3,6,4,0,0,0,1,1,0,0,0,"728661,341600000040000","5691235,441900000000000",12.282164756,51.3263721,6,6,6,West