FID_left,OBJECTID,ULAND,UREGBEZ,UKREIS,UGEMEINDE,UJAHR,UMONAT,USTUNDE,UWOCHENTAG,UKATEGORIE,UART,UTYP1,ULICHTVERH,IstStrasse,IstRad,IstPKW,IstFuss,IstKrad,IstGkfz,IstSonstig,LINREFX,LINREFY,XGCSWGS84,YGCSWGS84,index_right,FID_right,SBZ,Name
125550,125551,14,7,13,000,2016,08,16,4,3,0,7,0,0,1,0,0,0,0,0,"737383,841699999990000","5699079,923299999900000",12.412366429,51.39321184,9,9,9,Nord
125552,125553,14,7,13,000,2016,08,11,2,3,5,3,0,0,1,1,0,0,0,0,"735049,496099999990000","5694780,394500000400000",12.376030314,51.355589578,0,0,0,Mitte
125556,125557,14,7,13,000,2016,08,10,6,3,5,3,0,0,1,1,0,0,0,0,"735283,948699999950000","5690888,514200000100000",12.376820792,51.320557734,4,4,4,Süd
125560,125561,14,7,13,000,2016,08,08,4,3,1,3,0,0,0,1,0,0,0,0,"733850,976200000030000","5693327,283900000200000",12.357893132,51.343040152,0,0,0,Mitte
125566,125567,14,7,13,000,2016,08,07,6,3,5,3,0,0,1,1,0,0,0,0,"732961,327999999980000","5692858,388299999800000",12.34483527,51.339196256,7,7,7,Alt-West
125568,125569,14,7,13,000,2016,08,22,4,3,5,3,2,0,0,1,0,0,0,1,"736438,781899999940000","5691190,723799999800000",12.393564363,51.322791772,0,0,0,Mitte
125575,125576,14,7,13,000,2016,08,15,3,2,6,4,0,0,0,1,1,0,0,0,"734501,231799999950000","5695452,126699999900000",12.368612939,51.361845799,9,9,9,Nord
125580,125581,14,7,13,000,2016,08,14,2,3,5,2,0,0,1,1,0,0,0,0,"737280,487599999990000","5693756,926599999900000",12.407331367,51.345475834,2,2,2,Ost
125582,125583,14,7,13,000,2016,08,16,7,3,3,6,0,0,0,1,0,1,0,0,"737311,037299999970000","5692932,949300000400000",12.407220164,51.338067015,3,3,3,Südost
125584,125585,14,7,13,000,2016,08,13,4,3,5,3,0,0,1,1,0,0,0,0,"735387,278900000030000","5699201,916899999600000",12.38380093,51.395138428,9,9,9,Nord
125585,125586,14,7,13,000,2016,08,11,2,3,5,3,0,0,1,1,0,0,0,0,"736310,384399999980000","5688983,082100000200000",12.390262511,51.303028753,4,4,4,Süd
125595,125596,14,7,13,000,2016,08,19,2,3,5,2,0,0,0,1,0,1,0,0,"735471,097300000020000","5697586,367700000300000",12.383932574,51.380602162,9,9,9,Nord
125598,125599,14,7,13,000,2016,08,15,4,3,5,3,0,0,0,1,0,0,0,0,"729706,484300000010000","5690341,781700000200000",12.296564174,51.317928587,6,6,6,West
125600,125601,14,7,13,000,2016,08,17,2,3,1,6,0,0,0,1,0,0,0,0,"734805,709299999990000","5692632,477099999800000",12.371118777,51.336409821,0,0,0,Mitte
125602,125603,14,7,13,000,2016,08,15,4,2,6,4,0,0,0,1,1,0,0,0,"730673,659899999970000","5695949,915799999600000",12.314052272,51.367881223,8,8,8,Nordwest
125605,125606,14,7,13,000,2016,08,13,3,3,5,2,0,0,0,1,0,0,0,0,"730510,886900000040000","5689715,658099999700000",12.307683052,51.311982606,5,5,5,Südwest
125608,125609,14,7,13,000,2016,08,14,5,3,5,3,0,0,0,1,0,0,0,0,"734033,778799999970000","5695831,042899999800000",12.362159721,51.365439849,9,9,9,Nord
125612,125613,14,7,13,000,2016,08,16,4,3,3,6,0,0,1,1,0,0,0,0,"735011,746099999990000","5692085,624800000300000",12.373710647,51.331415963,0,0,0,Mitte
125616,125617,14,7,13,000,2016,08,10,1,3,1,7,0,0,0,1,0,0,0,0,"737597,868900000000000","5694409,777300000200000",12.41231599,51.351203278,1,1,1,Nordost
125619,125620,14,7,13,000,2016,08,15,2,2,5,3,0,0,1,1,0,0,0,0,"731990,594399999940000","5692617,200899999600000",12.330765827,51.337428026,7,7,7,Alt-West
125620,125621,14,7,13,000,2016,08,13,5,3,4,3,0,0,1,1,0,0,0,0,"734446,490499999960000","5692130,531899999800000",12.365640715,51.332052329,0,0,0,Mitte
125622,125623,14,7,13,000,2016,08,17,5,3,2,6,0,0,0,1,0,0,0,0,"736799,131500000020000","5693773,207299999900000",12.400443038,51.345822663,2,2,2,Ost
125623,125624,14,7,13,000,2016,08,03,4,2,0,1,2,0,0,0,0,1,0,0,"735500,216999999950000","5692773,724999999600000",12.381164629,51.337390544,0,0,0,Mitte
125625,125626,14,7,13,000,2016,08,16,2,3,4,2,0,0,0,1,0,0,0,0,"727482,753299999980000","5689017,671699999800000",12.263862425,51.306934777,6,6,6,West
125630,125631,14,7,13,000,2016,08,09,7,3,1,5,0,0,0,1,0,1,0,0,"739428,982599999990000","5687610,583999999800000",12.433997943,51.289406598,3,3,3,Südost
125635,125636,14,7,13,000,2016,08,17,2,3,5,3,0,0,1,1,0,0,0,0,"735878,051600000010000","5691321,395800000100000",12.385617857,51.324197451,0,0,0,Mitte
125641,125642,14,7,13,000,2016,08,09,6,3,5,3,0,0,0,1,0,0,0,0,"731774,853899999990000","5691017,774799999800000",12.326633719,51.323158238,5,5,5,Südwest
125645,125646,14,7,13,000,2016,08,15,7,3,6,4,0,0,0,1,1,0,0,0,"731598,111999999960000","5690713,026700000300000",12.323903591,51.320494526,5,5,5,Südwest
125650,125651,14,7,13,000,2016,08,17,6,3,5,3,0,0,1,1,0,0,0,0,"730160,152000000000000","5694138,859799999700000",12.305516294,51.351831726,7,7,7,Alt-West
125655,125656,14,7,13,000,2016,08,13,5,2,5,3,0,0,1,1,0,0,0,0,"730974,945300000020000","5688909,128899999900000",12.313807956,51.304554298,5,5,5,Südwest
125657,125658,14,7,13,000,2016,08,16,4,3,5,3,0,0,1,1,0,0,0,0,"734876,614999999990000","5694490,788599999600000",12.373360694,51.353061446,0,0,0,Mitte
125658,125659,14,7,13,000,2016,08,14,3,3,1,5,0,0,1,1,0,0,0,0,"734938,276500000040000","5689437,287800000000000",12.370913039,51.307673716,4,4,4,Süd
125662,125663,14,7,13,000,2016,08,14,5,3,1,6,0,0,0,1,0,0,0,0,"734794,409499999950000","5692476,083499999700000",12.370853772,51.335010634,0,0,0,Mitte
125663,125664,14,7,13,000,2016,08,07,6,3,6,2,0,0,0,1,1,0,0,0,"736150,882400000000000","5693215,379800000200000",12.390781756,51.341085121,0,0,0,Mitte
125666,125667,14,7,13,000,2016,08,14,3,2,4,2,0,0,1,1,0,0,0,0,"738346,758700000010000","5692367,475399999900000",12.421683933,51.332558219,2,2,2,Ost
125674,125675,14,7,13,000,2016,08,18,4,3,4,2,0,0,1,1,0,0,0,0,"731778,442999999970000","5691739,146999999900000",12.327154219,51.329632409,5,5,5,Südwest
125676,125677,14,7,13,000,2016,08,14,2,3,6,7,0,0,0,1,1,0,0,0,"733907,527400000020000","5692635,087399999600000",12.358249068,51.336803378,0,0,0,Mitte
125691,125692,14,7,13,000,2016,08,18,7,2,4,6,0,0,0,1,0,0,0,1,"734063,745299999950000","5695120,976900000100000",12.36212219,51.359053636,9,9,9,Nord
125694,125695,14,7,13,000,2016,08,05,4,3,5,3,1,0,0,1,0,0,0,0,"737928,465800000010000","5692862,567300000200000",12.41602106,51.337177284,2,2,2,Ost
125697,125698,14,7,13,000,2016,08,23,7,3,5,3,2,0,0,1,0,0,0,1,"736724,140000000010000","5689058,963999999700000",12.396237664,51.30353802,4,4,4,Süd
125702,125703,14,7,13,000,2016,08,18,6,2,6,4,0,0,1,0,1,0,0,0,"735001,848899999980000","5692239,351599999700000",12.373670217,51.332799963,0,0,0,Mitte
125712,125713,14,7,13,000,2016,08,18,5,3,2,2,0,0,1,1,0,0,0,0,"735308,974599999960000","5689757,564199999900000",12.376433163,51.310395545,4,4,4,Süd
125713,125714,14,7,13,000,2016,08,07,5,3,6,2,0,0,0,1,1,0,0,0,"736994,337199999950000","5693978,810800000100000",12.403377752,51.34758684,2,2,2,Ost
125715,125716,14,7,13,000,2016,08,00,6,3,8,1,2,0,1,0,0,0,0,0,"734826,559299999960000","5692776,902400000000000",12.371512771,51.337697632,0,0,0,Mitte
125718,125719,14,7,13,000,2016,08,18,3,3,6,7,0,0,0,1,1,0,0,0,"733388,105699999960000","5695025,280199999900000",12.352372303,51.358472504,9,9,9,Nord
125728,125729,14,7,13,000,2016,08,13,5,3,3,6,0,0,0,1,0,0,0,1,"731150,412099999960000","5691906,601099999600000",12.318263776,51.331391174,7,7,7,Alt-West
125729,125730,14,7,13,000,2016,08,15,6,3,5,3,0,0,1,0,0,0,0,1,"731943,339400000060000","5688850,217799999800000",12.327638169,51.303631784,5,5,5,Südwest
125730,125731,14,7,13,000,2016,08,19,4,2,4,6,1,0,0,1,0,0,0,0,"734016,209599999940000","5700445,826399999700000",12.36494797,51.406871224,9,9,9,Nord
125736,125737,14,7,13,000,2016,08,18,5,3,5,3,0,0,0,1,0,0,0,1,"738704,751799999970000","5697391,472400000300000",12.430183356,51.377502696,1,1,1,Nordost
125740,125741,14,7,13,000,2016,08,10,2,3,2,6,0,0,0,1,0,0,0,0,"730664,226600000050000","5689590,394100000200000",12.309798446,51.310795991,5,5,5,Südwest
125743,125744,14,7,13,000,2016,08,13,5,3,6,4,0,0,0,1,1,0,0,0,"731717,207999999980000","5688712,002700000100000",12.324310045,51.302483116,5,5,5,Südwest
125745,125746,14,7,13,000,2016,08,07,4,2,5,3,0,0,1,1,0,0,0,0,"735144,618999999950000","5692415,061999999900000",12.37583196,51.334318199,0,0,0,Mitte
125746,125747,14,7,13,000,2016,08,12,6,3,5,3,0,0,1,1,0,0,0,0,"733716,138999999970000","5693394,067900000100000",12.356004389,51.343695082,0,0,0,Mitte
125750,125751,14,7,13,000,2016,08,15,5,3,5,3,0,0,1,1,0,0,0,0,"735481,327900000030000","5696857,235899999700000",12.383596216,51.374053069,9,9,9,Nord
125751,125752,14,7,13,000,2016,08,15,5,2,6,4,0,0,0,1,1,0,0,0,"737828,039600000020000","5695029,181099999700000",12.416029265,51.356666767,1,1,1,Nordost
125752,125753,14,7,13,000,2016,08,19,6,3,1,5,0,0,0,1,0,0,0,0,"731487,852900000060000","5690252,166799999800000",12.322024838,51.316402307,5,5,5,Südwest
125754,125755,14,7,13,000,2016,08,16,5,3,2,6,0,0,0,1,0,0,0,0,"735078,600100000040000","5690189,505199999500000",12.373418326,51.314368013,4,4,4,Süd
125758,125759,14,7,13,000,2016,08,09,6,3,2,6,0,0,0,1,0,1,0,0,"735668,267600000020000","5696115,349200000100000",12.385785531,51.367316198,9,9,9,Nord
125759,125760,14,7,13,000,2016,08,11,1,3,6,4,0,0,0,1,1,0,0,0,"735631,423199999960000","5689326,188699999800000",12.380766447,51.306389982,4,4,4,Süd
125761,125762,14,7,13,000,2016,08,15,5,3,5,3,0,0,0,1,0,1,0,0,"738086,196000000000000","5697557,152999999900000",12.421422758,51.379249487,1,1,1,Nordost
125762,125763,14,7,13,000,2016,08,11,5,3,6,4,0,0,1,0,1,0,0,0,"735058,975400000000000","5690876,626199999800000",12.373590125,51.320544,4,4,4,Süd
125763,125764,14,7,13,000,2016,08,13,6,3,5,3,0,0,1,1,0,0,0,0,"739220,300000000050000","5689688,934000000400000",12.432403296,51.308149324,3,3,3,Südost
125764,125765,14,7,13,000,2016,08,07,4,3,5,3,0,0,1,1,0,0,0,0,"736985,570399999970000","5693768,931800000400000",12.403112393,51.345706602,2,2,2,Ost
125765,125766,14,7,13,000,2016,08,07,3,3,2,6,0,0,0,1,0,0,0,0,"732611,742600000000000","5692303,257199999900000",12.339462627,51.334356121,7,7,7,Alt-West
125772,125773,14,7,13,000,2016,08,10,3,3,4,6,0,0,1,0,0,0,0,0,"735522,501999999980000","5692035,949500000100000",12.380996281,51.33075881,0,0,0,Mitte
125778,125779,14,7,13,000,2016,08,11,5,3,1,5,0,0,1,1,0,0,0,0,"732839,310100000000000","5691627,401899999900000",12.342282092,51.328196071,5,5,5,Südwest
125779,125780,14,7,13,000,2016,08,08,5,3,5,3,0,0,1,1,0,0,0,0,"734787,880200000010000","5698949,879400000000000",12.375033713,51.393124358,9,9,9,Nord
125780,125781,14,7,13,000,2016,08,06,4,3,3,6,0,0,0,1,0,0,0,1,"736218,933500000040000","5692528,183699999900000",12.391301321,51.334888437,0,0,0,Mitte
125782,125783,14,7,13,000,2016,08,20,2,3,5,3,1,0,1,1,0,0,0,0,"727783,495499999960000","5689139,472400000300000",12.268247619,51.307907978,6,6,6,West
125786,125787,14,7,13,000,2016,08,07,5,2,5,3,0,0,1,1,0,0,0,0,"731019,454099999970000","5693986,569199999800000",12.317736408,51.350116029,7,7,7,Alt-West
125789,125790,14,7,13,000,2016,08,16,5,2,4,2,0,0,0,1,0,1,0,0,"735047,102599999980000","5690893,887600000000000",12.373431421,51.320703849,4,4,4,Süd
125799,125800,14,7,13,000,2016,08,14,4,3,5,3,0,0,1,1,0,0,0,0,"734392,921899999960000","5696047,466599999900000",12.3674523,51.367234496,9,9,9,Nord
125800,125801,14,7,13,000,2016,08,11,6,3,5,3,0,0,0,1,0,0,0,0,"731735,689000000010000","5690503,638000000300000",12.325738453,51.318558865,5,5,5,Südwest
125803,125804,14,7,13,000,2016,08,12,6,3,1,6,0,0,0,1,0,0,0,0,"739896,591099999960000","5698053,324599999900000",12.447723666,51.382941019,1,1,1,Nordost
125807,125808,14,7,13,000,2016,08,16,6,3,2,2,0,0,0,1,0,0,0,0,"735600,860899999970000","5697089,502100000200000",12.385464501,51.376088368,9,9,9,Nord
125811,125812,14,7,13,000,2016,08,15,6,2,5,3,0,0,1,1,0,0,0,0,"739896,710700000050000","5692318,891599999700000",12.443859182,51.331470562,2,2,2,Ost
125818,125819,14,7,13,000,2016,08,18,5,3,4,2,0,0,1,1,0,0,0,0,"740530,246999999970000","5690391,565000000400000",12.45163601,51.313903982,3,3,3,Südost
125822,125823,14,7,13,000,2016,08,07,3,3,2,2,0,0,0,1,0,0,0,0,"734642,992600000000000","5691482,592400000400000",12.36802981,51.326155111,0,0,0,Mitte
125833,125834,14,7,13,000,2016,08,06,6,3,5,3,0,0,0,1,0,0,0,0,"728858,992699999940000","5694327,378200000200000",12.286983632,51.354049477,7,7,7,Alt-West
125834,125835,14,7,13,000,2016,08,18,4,3,5,2,0,0,1,1,0,0,0,0,"735045,738000000010000","5690881,730999999700000",12.373403859,51.32059529,4,4,4,Süd
125835,125836,14,7,13,000,2016,08,10,3,3,2,6,0,0,0,1,0,0,0,0,"739762,457399999960000","5688235,189899999600000",12.439190858,51.294872708,3,3,3,Südost
125838,125839,14,7,13,000,2016,08,22,4,3,0,7,2,0,1,0,0,0,0,0,"734959,283999999990000","5692668,798999999600000",12.373343512,51.336672434,0,0,0,Mitte
125845,125846,14,7,13,000,2016,08,07,4,3,0,1,0,0,1,0,0,0,0,0,"737338,135499999970000","5693077,419700000400000",12.407704753,51.339352482,2,2,2,Ost
125850,125851,14,7,13,000,2016,08,11,7,3,3,2,0,0,0,1,0,0,0,1,"729289,376099999990000","5689795,796799999700000",12.29023777,51.313195397,6,6,6,West
125855,125856,14,7,13,000,2016,08,07,6,3,6,2,0,0,0,0,1,0,0,1,"738552,481000000030000","5689485,771599999600000",12.422703791,51.306605973,3,3,3,Südost
125859,125860,14,7,13,000,2016,08,19,3,3,4,2,0,0,1,1,0,0,0,0,"736680,360400000010000","5689794,968399999700000",12.396098909,51.310162758,4,4,4,Süd
125867,125868,14,7,13,000,2016,08,17,6,3,3,2,0,0,1,1,0,0,0,0,"736057,892200000000000","5688151,638199999900000",12.386097114,51.29567018,4,4,4,Süd
125871,125872,14,7,13,000,2016,08,15,5,2,5,2,0,0,1,0,0,0,0,1,"735969,672000000020000","5694608,997999999700000",12.389108427,51.35366978,9,9,9,Nord
125874,125875,14,7,13,000,2016,08,11,3,3,1,6,0,0,0,1,0,0,0,0,"728461,057000000030000","5690200,170099999800000",12.27863157,51.317158654,6,6,6,West
125877,125878,14,7,13,000,2016,08,16,4,3,5,3,0,0,1,1,0,0,0,0,"735279,329000000030000","5690885,348199999900000",12.376752524,51.320531225,4,4,4,Süd
125890,125891,14,7,13,000,2016,09,11,6,3,5,3,0,0,1,0,0,0,0,1,"735897,099500000010000","5694740,504800000200000",12.388155235,51.354880339,9,9,9,Nord
125893,125894,14,7,13,000,2016,09,07,5,3,2,6,0,0,0,1,0,0,0,0,"731882,596900000000000","5691788,720700000400000",12.328678885,51.330034975,5,5,5,Südwest
125895,125896,14,7,13,000,2016,09,21,4,3,0,7,2,0,0,1,0,1,0,0,"728461,594999999970000","5690198,100999999800000",12.278637951,51.317139863,6,6,6,West
125899,125900,14,7,13,000,2016,09,14,1,2,0,7,0,1,0,1,0,0,0,1,"733832,496300000000000","5694049,974399999700000",12.358102906,51.349534992,0,0,0,Mitte
125901,125902,14,7,13,000,2016,09,16,6,3,6,4,0,0,0,1,1,0,0,0,"735399,915099999980000","5690865,896300000100000",12.378467118,51.320306747,4,4,4,Süd
125904,125905,14,7,13,000,2016,09,21,6,2,1,1,2,0,0,1,0,1,0,0,"734881,819099999960000","5696522,015599999600000",12.374776548,51.371292274,9,9,9,Nord
125909,125910,14,7,13,000,2016,09,17,4,3,4,2,0,0,0,1,0,0,0,1,"734749,801199999990000","5693852,320600000200000",12.371121683,51.347382704,0,0,0,Mitte
125911,125912,14,7,13,000,2016,09,17,3,3,0,7,0,0,1,1,0,0,0,0,"737188,037800000050000","5693903,827800000100000",12.406104176,51.346833005,2,2,2,Ost
125913,125914,14,7,13,000,2016,08,07,4,3,5,3,0,0,1,1,0,0,0,0,"736680,240299999950000","5693781,529099999900000",12.398744515,51.345946868,2,2,2,Ost
125914,125915,14,7,13,000,2016,09,07,6,3,1,1,0,0,1,1,0,0,0,0,"734018,621000000040000","5695769,438799999700000",12.361901829,51.364893108,9,9,9,Nord
125918,125919,14,7,13,000,2016,09,20,7,2,4,2,2,0,0,1,0,1,0,0,"734639,277600000030000","5695393,368499999900000",12.370553528,51.361261374,9,9,9,Nord
125920,125921,14,7,13,000,2016,09,10,5,3,5,3,0,0,1,1,0,0,0,0,"741608,876799999970000","5693988,948200000500000",12.469522922,51.345735478,2,2,2,Ost
125927,125928,14,7,13,000,2016,09,11,5,3,4,6,0,0,1,0,0,0,0,0,"735652,063599999990000","5692888,315499999600000",12.383416475,51.338356241,0,0,0,Mitte
125928,125929,14,7,13,000,2016,09,08,3,3,4,2,0,0,1,1,0,0,0,0,"728312,895000000020000","5697571,484000000200000",12.281237195,51.383392048,8,8,8,Nordwest
125930,125931,14,7,13,000,2016,09,07,5,3,5,3,0,0,1,1,0,0,0,0,"735174,185000000060000","5693484,159199999600000",12.376961512,51.343902565,0,0,0,Mitte
125932,125933,14,7,13,000,2016,08,12,4,2,5,3,0,0,0,1,0,1,0,0,"734787,374100000020000","5691408,128399999800000",12.370049346,51.325427124,4,4,4,Süd
125933,125934,14,7,13,000,2016,09,12,6,3,1,7,0,0,0,1,0,0,0,0,"731269,547799999940000","5696561,171799999700000",12.322995468,51.373126063,8,8,8,Nordwest
125935,125936,14,7,13,000,2016,09,13,4,3,6,4,0,0,1,0,1,0,0,0,"737257,909199999990000","5693755,507100000000000",12.407006813,51.345472515,2,2,2,Ost
125938,125939,14,7,13,000,2016,09,18,2,3,6,6,0,0,1,0,1,0,0,0,"737234,261999999990000","5692686,440399999700000",12.405955781,51.335886364,3,3,3,Südost
125949,125950,14,7,13,000,2016,09,04,5,3,4,2,2,0,0,1,0,0,0,0,"734892,074000000020000","5698783,990000000200000",12.376418953,51.391592179,9,9,9,Nord
125959,125960,14,7,13,000,2016,09,09,6,3,3,2,0,0,0,1,0,0,0,1,"735102,356000000030000","5694525,010999999900000",12.376619411,51.353275308,0,0,0,Mitte
125962,125963,14,7,13,000,2016,09,07,6,3,1,2,0,0,1,1,0,0,0,0,"742288,724500000010000","5694030,914300000300000",12.479294848,51.345822827,2,2,2,Ost
125963,125964,14,7,13,000,2016,09,16,5,3,5,3,0,0,1,1,0,0,0,0,"735962,745899999980000","5688506,100499999700000",12.384969116,51.29889138,4,4,4,Süd
125968,125969,14,7,13,000,2016,09,05,3,2,0,1,2,0,1,0,0,0,0,0,"727386,465199999980000","5689486,741000000400000",12.262782258,51.311184282,6,6,6,West
125970,125971,14,7,13,000,2016,08,14,4,3,5,7,0,0,1,1,0,0,0,0,"729460,473099999940000","5700940,592699999900000",12.299878398,51.413173803,8,8,8,Nordwest
125971,125972,14,7,13,000,2016,09,15,6,3,2,6,0,0,0,1,0,0,0,0,"735070,264100000030000","5690448,984199999800000",12.373469942,51.316700647,4,4,4,Süd
125980,125981,14,7,13,000,2016,09,08,5,3,5,3,0,0,0,1,0,0,0,0,"738386,651900000060000","5696431,792200000000000",12.424977496,51.369022376,1,1,1,Nordost
125981,125982,14,7,13,000,2016,09,18,3,2,3,5,0,0,1,0,0,0,0,1,"737035,893799999960000","5696233,074000000000000",12.405475174,51.367803916,1,1,1,Nordost
125983,125984,14,7,13,000,2016,09,13,5,3,4,2,0,0,0,1,0,0,0,1,"736542,536800000000000","5690723,906499999600000",12.39474105,51.318558399,0,0,0,Mitte
125987,125988,14,7,13,000,2016,09,14,7,3,6,6,0,0,1,0,1,0,0,0,"735265,256700000030000","5693198,116499999500000",12.378077834,51.341297274,0,0,0,Mitte
125990,125991,14,7,13,000,2016,09,20,4,3,2,6,2,0,1,0,0,1,0,0,"735751,045300000000000","5692813,292500000400000",12.384785308,51.337641789,0,0,0,Mitte
125991,125992,14,7,13,000,2016,08,10,3,3,0,7,0,0,1,0,0,0,0,0,"737203,967599999970000","5693375,068300000400000",12.405980262,51.342080179,2,2,2,Ost
125999,126000,14,7,13,000,2016,09,06,7,3,4,2,1,0,1,1,0,0,0,0,"737570,329000000030000","5693388,307000000000000",12.411239626,51.342046058,2,2,2,Ost
126000,126001,14,7,13,000,2016,08,09,3,3,6,4,0,0,1,0,1,0,0,0,"734682,876999999980000","5691470,795500000000000",12.368593476,51.326032766,0,0,0,Mitte
126001,126002,14,7,13,000,2016,09,13,6,3,4,2,0,0,0,1,0,0,0,0,"730728,223899999980000","5693725,672299999700000",12.31339238,51.347892266,7,7,7,Alt-West
126003,126004,14,7,13,000,2016,09,15,5,2,6,4,0,0,0,1,1,0,0,0,"735105,261399999960000","5694881,262799999700000",12.376896425,51.356471938,0,0,0,Mitte
126005,126006,14,7,13,000,2016,09,20,2,3,3,2,2,0,1,1,0,0,0,0,"737974,709400000050000","5690943,074199999700000",12.415402064,51.319928568,3,3,3,Südost
126008,126009,14,7,13,000,2016,08,10,3,3,0,1,0,0,0,0,0,1,0,0,"732554,621000000040000","5691493,314000000200000",12.338115495,51.327108852,5,5,5,Südwest
126009,126010,14,7,13,000,2016,09,22,6,2,5,3,2,0,1,1,0,0,0,0,"736498,033399999960000","5693662,072100000500000",12.396053603,51.344950427,2,2,2,Ost
126012,126013,14,7,13,000,2016,08,09,4,3,3,2,0,0,1,1,0,0,0,0,"734525,222500000030000","5692565,583599999500000",12.367055244,51.335925091,0,0,0,Mitte
126015,126016,14,7,13,000,2016,08,13,3,3,5,3,0,0,1,1,0,0,0,0,"727782,027800000040000","5689138,551500000100000",12.268226009,51.307900298,6,6,6,West
126016,126017,14,7,13,000,2016,08,14,3,3,6,7,0,0,0,0,1,0,0,1,"737970,941699999970000","5691388,639800000000000",12.415645484,51.323929546,3,3,3,Südost
126022,126023,14,7,13,000,2016,09,16,4,3,0,1,0,0,1,0,0,0,0,0,"743210,809200000020000","5694655,427100000000000",12.492936374,51.351034284,2,2,2,Ost
126024,126025,14,7,13,000,2016,09,07,3,3,5,3,0,0,0,1,0,0,0,0,"737771,769699999950000","5693736,606999999800000",12.41435914,51.345088197,2,2,2,Ost
126028,126029,14,7,13,000,2016,08,14,3,3,4,2,0,0,1,1,0,0,0,0,"733534,935799999980000","5694189,316999999800000",12.353928882,51.350908131,0,0,0,Mitte
126032,126033,14,7,13,000,2016,09,12,5,3,5,3,0,0,0,1,0,0,0,0,"730228,025099999970000","5694085,098600000100000",12.306454557,51.351321625,7,7,7,Alt-West
126033,126034,14,7,13,000,2016,09,09,3,2,1,1,0,0,0,1,0,0,0,1,"732233,782800000040000","5690585,524400000500000",12.332927172,51.319090892,5,5,5,Südwest
126040,126041,14,7,13,000,2016,09,19,5,2,1,5,1,0,1,1,0,0,0,0,"732338,761399999960000","5691389,250000000000000",12.334954825,51.326262893,5,5,5,Südwest
126042,126043,14,7,13,000,2016,08,08,4,3,4,7,0,0,0,1,0,1,0,0,"734780,560000000060000","5692496,230600000400000",12.370668587,51.3351972,0,0,0,Mitte
126044,126045,14,7,13,000,2016,08,11,3,2,5,7,0,0,0,1,0,1,0,0,"737047,272699999970000","5693763,818799999500000",12.403993355,51.345634984,2,2,2,Ost
126048,126049,14,7,13,000,2016,09,08,2,3,0,7,0,1,0,0,0,0,0,1,"729054,561100000050000","5690863,617999999800000",12.287560075,51.322875986,6,6,6,West
126051,126052,14,7,13,000,2016,09,11,7,3,5,3,0,0,0,1,0,1,0,0,"730298,145900000000000","5694032,625599999900000",12.307425854,51.35082217,7,7,7,Alt-West
126052,126053,14,7,13,000,2016,08,16,3,3,5,3,0,0,1,1,0,0,0,0,"731842,583199999990000","5696461,343500000400000",12.331149092,51.371996312,8,8,8,Nordwest
126053,126054,14,7,13,000,2016,09,06,6,3,5,3,1,0,0,0,0,1,0,1,"731815,787299999970000","5696475,055400000000000",12.330773725,51.372130337,8,8,8,Nordwest
126054,126055,14,7,13,000,2016,09,05,7,2,0,7,1,0,1,0,0,0,0,0,"736768,602900000060000","5695705,868700000500000",12.401291316,51.363183145,1,1,1,Nordost
126055,126056,14,7,13,000,2016,08,16,3,3,1,5,0,0,1,0,0,0,0,1,"736885,693100000030000","5693853,621399999600000",12.401737216,51.346508408,2,2,2,Ost
126057,126058,14,7,13,000,2016,09,08,4,3,2,2,0,0,1,1,0,0,0,0,"731848,999700000040000","5690372,826200000000000",12.327276635,51.317338436,5,5,5,Südwest
126059,126060,14,7,13,000,2016,09,11,5,3,0,5,0,0,0,1,0,0,0,1,"739548,528399999950000","5692326,466199999700000",12.438875583,51.331685285,2,2,2,Ost
126063,126064,14,7,13,000,2016,08,14,3,3,1,6,0,0,0,1,0,1,0,0,"739799,999500000030000","5692832,795199999600000",12.442819399,51.336124006,2,2,2,Ost
126071,126072,14,7,13,000,2016,09,09,5,2,4,6,0,0,1,0,0,0,0,0,"734331,466499999980000","5692749,959200000400000",12.364399943,51.337659999,0,0,0,Mitte
126073,126074,14,7,13,000,2016,08,05,3,3,5,3,1,0,1,1,0,0,0,0,"735566,034100000050000","5692151,043200000200000",12.381696113,51.331773902,0,0,0,Mitte
126076,126077,14,7,13,000,2016,09,21,3,2,6,4,2,0,0,0,1,0,0,1,"735300,601900000010000","5693663,193699999700000",12.378891706,51.345457333,0,0,0,Mitte
126078,126079,14,7,13,000,2016,08,14,4,3,1,3,0,0,1,1,0,0,0,0,"742562,321699999970000","5693705,204900000200000",12.482994077,51.342782813,2,2,2,Ost
126087,126088,14,7,13,000,2016,09,16,5,3,6,7,0,0,0,1,1,0,0,0,"730020,046300000050000","5700693,376000000200000",12.307750923,51.410727904,8,8,8,Nordwest
126088,126089,14,7,13,000,2016,09,16,3,3,3,2,0,0,1,1,0,0,0,0,"733024,332999999980000","5694156,079900000200000",12.34658751,51.350819327,0,0,0,Mitte