FID_left,OBJECTID,ULAND,UREGBEZ,UKREIS,UGEMEINDE,UJAHR,UMONAT,USTUNDE,UWOCHENTAG,UKATEGORIE,UART,UTYP1,ULICHTVERH,IstStrasse,IstRad,IstPKW,IstFuss,IstKrad,IstGkfz,IstSonstig,LINREFX,LINREFY,XGCSWGS84,YGCSWGS84,index_right,FID_right,SBZ,Name
126090,126091,14,7,13,000,2016,09,09,5,3,0,7,0,0,0,1,0,0,0,0,"731020,638099999980000","5692056,427899999500000",12.316501305,51.332788879,7,7,7,Alt-West
126094,126095,14,7,13,000,2016,09,17,4,3,2,2,0,0,1,1,0,0,0,0,"737267,783999999990000","5693410,109000000200000",12.4069182,51.342368081,2,2,2,Ost
126096,126097,14,7,13,000,2016,09,05,2,2,5,3,2,1,0,1,0,1,0,0,"740367,616400000060000","5690164,106900000000000",12.449153519,51.311931087,3,3,3,Südost
126099,126100,14,7,13,000,2016,09,18,6,3,5,3,0,0,1,1,0,0,0,0,"732334,398599999960000","5693059,903300000400000",12.335981739,51.341261689,7,7,7,Alt-West
126104,126105,14,7,13,000,2016,08,20,2,3,1,3,2,0,1,1,0,0,0,0,"735174,180399999950000","5693484,046400000300000",12.376961372,51.343901554,0,0,0,Mitte
126106,126107,14,7,13,000,2016,09,14,7,2,5,3,0,0,1,0,0,0,0,0,"738339,175599999960000","5694404,945700000000000",12.422938831,51.350849567,1,1,1,Nordost
126109,126110,14,7,13,000,2016,09,20,4,3,3,6,2,0,1,1,0,0,0,0,"736394,241999999970000","5687598,201999999600000",12.390546438,51.290562871,4,4,4,Süd
126111,126112,14,7,13,000,2016,09,13,5,3,2,6,0,0,0,1,0,0,0,1,"737127,075700000040000","5694426,642900000300000",12.405578659,51.351551259,1,1,1,Nordost
126112,126113,14,7,13,000,2016,08,07,2,3,1,6,0,0,0,1,0,0,0,0,"734134,767200000000000","5692849,140900000000000",12.361646258,51.338631319,0,0,0,Mitte
126117,126118,14,7,13,000,2016,09,08,6,2,4,2,0,0,1,1,0,0,0,0,"736261,239399999960000","5692975,796900000400000",12.392204415,51.338888734,0,0,0,Mitte
126123,126124,14,7,13,000,2016,09,09,6,3,2,6,0,0,0,1,0,0,0,0,"731967,314000000010000","5688398,648000000000000",12.327688046,51.29956834,5,5,5,Südwest
126128,126129,14,7,13,000,2016,09,11,5,3,4,2,0,0,1,0,0,0,0,1,"733537,248400000040000","5694189,590599999800000",12.353962213,51.350909637,0,0,0,Mitte
126129,126130,14,7,13,000,2016,08,12,4,3,5,3,0,0,1,0,0,0,0,0,"735006,935599999970000","5691937,417200000000000",12.37354398,51.330087581,0,0,0,Mitte
126131,126132,14,7,13,000,2016,09,07,4,3,6,4,0,0,0,1,1,0,0,0,"737379,706200000020000","5693160,546699999800000",12.408355894,51.340081283,2,2,2,Ost
126139,126140,14,7,13,000,2016,09,12,6,3,2,6,0,0,0,1,0,0,0,0,"733407,683599999990000","5692163,855700000200000",12.350777194,51.332778688,5,5,5,Südwest
126141,126142,14,7,13,000,2016,09,13,5,3,5,3,0,0,1,1,0,0,0,0,"736384,689800000050000","5695700,524700000000000",12.395783084,51.363295029,9,9,9,Nord
126142,126143,14,7,13,000,2016,09,05,3,3,5,3,1,1,1,1,0,0,0,0,"739237,731400000050000","5699128,765499999700000",12.438997429,51.392871843,1,1,1,Nordost
126144,126145,14,7,13,000,2016,08,07,2,3,5,2,0,0,1,1,0,0,0,0,"739920,228200000010000","5693956,005400000100000",12.44529883,51.346154907,2,2,2,Ost
126148,126149,14,7,13,000,2016,09,07,3,3,4,2,0,0,0,1,0,1,0,0,"743010,875099999950000","5691493,071800000000000",12.487913471,51.322736718,2,2,2,Ost
126157,126158,14,7,13,000,2016,09,13,3,3,3,6,0,0,1,0,0,0,0,0,"737731,055000000050000","5693962,385999999900000",12.413926351,51.347131814,2,2,2,Ost
126160,126161,14,7,13,000,2016,09,13,3,3,2,2,0,0,0,1,0,0,0,0,"728543,458199999990000","5689531,196100000300000",12.279383387,51.311120006,6,6,6,West
126167,126168,14,7,13,000,2016,09,16,3,3,5,2,0,0,1,0,0,0,0,0,"733579,585700000050000","5690679,433500000300000",12.352267733,51.319383072,5,5,5,Südwest
126172,126173,14,7,13,000,2016,09,06,5,3,4,2,1,0,1,1,0,0,0,0,"740847,205199999970000","5696487,036399999600000",12.460297589,51.368480356,2,2,2,Ost
126175,126176,14,7,13,000,2016,09,23,2,2,4,7,2,0,1,0,1,0,0,0,"735284,564400000030000","5692732,516900000200000",12.378046986,51.337109908,0,0,0,Mitte
126176,126177,14,7,13,000,2016,09,16,3,3,5,2,0,0,0,1,0,1,0,0,"734645,702200000060000","5691486,303000000300000",12.368071074,51.326187301,0,0,0,Mitte
126177,126178,14,7,13,000,2016,09,14,3,2,8,1,0,0,1,0,0,0,0,0,"742100,363200000020000","5693951,791299999700000",12.476541507,51.345192906,2,2,2,Ost
126181,126182,14,7,13,000,2016,09,21,6,3,6,6,2,1,0,1,1,0,0,0,"735584,093800000030000","5692918,864000000100000",12.382462617,51.338658615,0,0,0,Mitte
126183,126184,14,7,13,000,2016,09,08,2,3,8,1,0,0,0,1,0,0,0,0,"730278,386799999980000","5684958,867100000400000",12.301285926,51.269374529,5,5,5,Südwest
126185,126186,14,7,13,000,2016,09,08,4,3,3,3,0,0,1,1,0,0,0,0,"736120,883700000010000","5699316,363199999600000",12.394403103,51.395860971,9,9,9,Nord
126191,126192,14,7,13,000,2016,09,15,2,3,2,6,0,0,0,1,0,0,0,0,"737860,704600000060000","5697144,408499999900000",12.417912288,51.375639229,1,1,1,Nordost
126197,126198,14,7,13,000,2016,09,11,6,3,3,2,0,0,1,1,0,0,0,0,"734525,163199999950000","5693149,358500000100000",12.367438762,51.341165334,0,0,0,Mitte
126200,126201,14,7,13,000,2016,09,15,6,3,6,4,0,0,0,1,1,0,0,0,"731453,863000000010000","5688453,492999999800000",12.32037118,51.300269603,5,5,5,Südwest
126201,126202,14,7,13,000,2016,09,16,2,3,6,2,0,0,0,1,1,0,0,0,"734937,479599999960000","5695755,207600000300000",12.375068167,51.364386143,9,9,9,Nord
126202,126203,14,7,13,000,2016,09,17,4,3,0,3,0,0,1,1,0,0,0,0,"734636,219300000000000","5690902,881299999500000",12.367551223,51.320954154,4,4,4,Süd
126209,126210,14,7,13,000,2016,09,08,7,3,5,3,0,0,1,1,0,0,0,0,"734594,721800000060000","5692777,674999999800000",12.36819086,51.337800252,0,0,0,Mitte
126213,126214,14,7,13,000,2016,09,06,2,2,3,2,0,0,1,1,0,0,0,0,"733934,465399999990000","5696901,298100000200000",12.361439795,51.375087839,9,9,9,Nord
126214,126215,14,7,13,000,2016,09,20,3,3,5,3,2,0,1,1,0,0,0,0,"740376,397600000030000","5694446,378399999800000",12.452167857,51.350363628,2,2,2,Ost
126217,126218,14,7,13,000,2016,09,15,5,3,4,6,0,0,0,1,0,0,0,1,"729059,023999999980000","5698365,287999999700000",12.292453232,51.390217532,8,8,8,Nordwest
126218,126219,14,7,13,000,2016,09,13,7,3,5,3,0,0,1,1,0,0,0,0,"728895,078600000010000","5691757,324099999900000",12.285849041,51.330963144,6,6,6,West
126223,126224,14,7,13,000,2016,09,15,2,3,6,4,0,0,0,1,1,0,0,0,"736122,149899999960000","5697143,186999999900000",12.392976732,51.376353756,9,9,9,Nord
126227,126228,14,7,13,000,2016,09,16,3,3,4,2,0,0,1,1,0,0,0,0,"732593,734399999960000","5691621,681699999600000",12.338759681,51.328245182,5,5,5,Südwest
126229,126230,14,7,13,000,2016,09,23,6,3,3,2,2,1,0,1,0,1,0,0,"729210,350400000000000","5699415,032499999700000",12.295302221,51.399580012,8,8,8,Nordwest
126232,126233,14,7,13,000,2016,09,13,2,2,4,2,0,0,1,1,0,0,0,0,"738561,740699999970000","5697633,632000000200000",12.428294799,51.379736368,1,1,1,Nordost
126236,126237,14,7,13,000,2016,09,08,2,3,2,6,0,1,0,1,0,0,0,0,"735037,930799999970000","5691471,213100000300000",12.373680649,51.325889944,0,0,0,Mitte
126241,126242,14,7,13,000,2016,09,15,6,3,3,6,0,0,0,1,0,0,1,0,"735984,805500000020000","5694641,116499999500000",12.389346671,51.353951799,9,9,9,Nord
126243,126244,14,7,13,000,2016,09,22,2,3,1,1,2,0,1,1,0,0,0,0,"729219,942200000050000","5690787,122700000200000",12.289880366,51.322122673,6,6,6,West
126246,126247,14,7,13,000,2016,09,16,4,3,5,3,0,0,1,1,0,0,0,0,"735568,724200000060000","5692176,913300000100000",12.381751762,51.332005006,0,0,0,Mitte
126251,126252,14,7,13,000,2016,09,18,7,3,1,6,0,0,1,0,0,0,0,1,"735144,815100000010000","5689213,723799999800000",12.373723643,51.305581638,4,4,4,Süd
126252,126253,14,7,13,000,2016,09,18,6,3,0,7,1,0,1,0,0,0,0,0,"733562,198600000000000","5697491,821999999700000",12.356488594,51.38054188,8,8,8,Nordwest
126257,126258,14,7,13,000,2016,09,07,3,2,5,3,0,0,1,1,0,0,0,0,"737614,040000000040000","5692036,843000000300000",12.410964668,51.329897012,3,3,3,Südost
126261,126262,14,7,13,000,2016,09,15,4,3,1,7,0,0,1,1,0,0,0,0,"735587,110800000020000","5693110,322300000100000",12.38263249,51.340375951,0,0,0,Mitte
126265,126266,14,7,13,000,2016,09,08,7,3,5,3,0,0,1,1,0,0,0,0,"735909,740899999980000","5688684,875799999600000",12.384328304,51.300518088,4,4,4,Süd
126275,126276,14,7,13,000,2016,09,08,7,3,1,2,0,0,0,1,0,0,0,0,"738350,047799999940000","5692368,852900000300000",12.421731983,51.332569205,2,2,2,Ost
126277,126278,14,7,13,000,2016,09,13,5,3,5,3,0,0,1,1,0,0,0,0,"741516,182099999980000","5688373,001400000400000",12.464390604,51.295368722,3,3,3,Südost
126282,126283,14,7,13,000,2016,09,10,6,1,5,3,0,0,1,1,0,0,0,0,"736780,973499999960000","5690613,959499999900000",12.398083518,51.317472338,0,0,0,Mitte
126288,126289,14,7,13,000,2016,09,09,7,3,2,6,0,1,0,1,0,0,0,0,"734850,805700000030000","5691925,305999999900000",12.371298907,51.330043346,0,0,0,Mitte
126290,126291,14,7,13,000,2016,09,15,4,3,2,6,0,0,0,1,0,1,0,0,"734756,954999999960000","5693479,646999999900000",12.370978506,51.344034487,0,0,0,Mitte
126293,126294,14,7,13,000,2016,09,07,3,1,3,2,0,0,1,0,0,0,1,0,"737331,989900000040000","5693072,495699999900000",12.407613401,51.339310848,2,2,2,Ost
126301,126302,14,7,13,000,2016,09,20,4,3,3,6,2,0,1,1,0,0,0,0,"736393,283000000050000","5692124,969800000100000",12.393532164,51.331196669,0,0,0,Mitte
126302,126303,14,7,13,000,2016,09,11,7,3,5,3,0,1,0,1,0,0,0,0,"735436,735499999950000","5690147,779299999600000",12.378520507,51.313845435,4,4,4,Süd
126304,126305,14,7,13,000,2016,09,08,4,3,2,6,0,0,0,1,0,1,0,0,"735159,414699999960000","5693558,283300000200000",12.376798768,51.344574037,0,0,0,Mitte
126306,126307,14,7,13,000,2016,09,11,7,3,3,2,0,0,0,1,0,0,0,1,"728912,218800000030000","5689665,394600000200000",12.284751542,51.312176559,6,6,6,West
126307,126308,14,7,13,000,2016,09,13,6,2,3,6,0,0,0,1,0,0,0,1,"739277,432099999980000","5693844,118099999600000",12.436010813,51.345421529,2,2,2,Ost
126308,126309,14,7,13,000,2016,09,07,5,3,3,2,0,0,1,1,0,0,0,0,"734795,709099999980000","5692482,798600000300000",12.370876821,51.335070375,0,0,0,Mitte
126310,126311,14,7,13,000,2016,09,09,2,2,3,6,0,0,0,1,0,0,0,0,"737149,889500000050000","5696436,066700000300000",12.407245214,51.369578406,1,1,1,Nordost
126312,126313,14,7,13,000,2016,09,06,5,3,5,3,0,0,1,1,0,0,0,0,"731976,021300000020000","5693977,134399999900000",12.331442912,51.34964177,7,7,7,Alt-West
126313,126314,14,7,13,000,2016,09,07,4,3,5,3,0,0,0,1,0,0,0,0,"733606,963699999960000","5694064,439899999600000",12.354879457,51.349757571,0,0,0,Mitte
126317,126318,14,7,13,000,2016,09,19,4,3,4,2,1,0,0,1,0,0,0,0,"733225,045099999990000","5693904,411899999700000",12.349299868,51.348477891,0,0,0,Mitte
126319,126320,14,7,13,000,2016,09,12,4,3,5,3,0,0,0,1,0,0,0,0,"735402,543999999990000","5690787,873700000300000",12.378453269,51.3196053,4,4,4,Süd
126322,126323,14,7,13,000,2016,09,16,5,3,5,3,0,0,1,1,0,0,0,0,"729216,515999999950000","5694578,556200000500000",12.292271254,51.356160249,7,7,7,Alt-West
126326,126327,14,7,13,000,2016,09,17,1,3,5,3,0,0,0,1,0,0,0,0,"732688,484500000020000","5691861,325400000400000",12.340273756,51.330357644,5,5,5,Südwest
126330,126331,14,7,13,000,2016,09,16,4,3,5,3,0,0,1,1,0,0,0,0,"735963,449499999990000","5688506,267000000000000",12.384979301,51.298892583,4,4,4,Süd
126331,126332,14,7,13,000,2016,09,19,5,3,2,6,2,0,0,1,0,0,0,0,"728394,980699999960000","5690398,843899999700000",12.277812223,51.318968727,6,6,6,West
126334,126335,14,7,13,000,2016,09,07,5,3,3,2,0,0,1,1,0,0,0,0,"737786,573199999980000","5691451,703400000000000",12.413046311,51.324572688,3,3,3,Südost
126343,126344,14,7,13,000,2016,09,07,5,3,5,3,0,0,1,1,0,0,0,0,"736797,046300000050000","5697142,196800000000000",12.40265571,51.376063866,1,1,1,Nordost
126346,126347,14,7,13,000,2016,09,11,7,2,0,1,0,1,0,0,0,1,0,0,"734688,352500000040000","5693355,266300000300000",12.369913267,51.342946317,0,0,0,Mitte
126350,126351,14,7,13,000,2016,09,07,4,2,3,2,0,0,1,1,0,0,0,0,"735001,415000000040000","5692243,756000000100000",12.373666905,51.332839678,0,0,0,Mitte
126355,126356,14,7,13,000,2016,09,12,1,3,5,3,0,0,0,1,0,1,0,0,"736548,718600000020000","5692238,412399999800000",12.395834613,51.332150333,3,3,3,Südost
126357,126358,14,7,13,000,2016,09,10,1,2,9,1,0,0,1,0,0,0,0,0,"734999,148700000020000","5692263,452300000000000",12.373647421,51.333017416,0,0,0,Mitte
126361,126362,14,7,13,000,2016,09,07,4,3,3,2,0,0,1,1,0,0,0,0,"737190,017699999970000","5693978,404099999900000",12.406182239,51.347501581,2,2,2,Ost
126366,126367,14,7,13,000,2016,09,19,1,2,5,3,0,0,0,1,0,1,0,0,"731684,145200000030000","5687918,189700000000000",12.323321408,51.295370592,5,5,5,Südwest
126371,126372,14,7,13,000,2016,09,11,4,3,1,7,0,0,1,1,0,0,0,0,"737693,727799999990000","5692455,098500000300000",12.412385409,51.333617994,2,2,2,Ost
126401,126402,14,7,13,000,2016,09,07,2,3,2,6,0,1,0,1,0,0,0,0,"733347,628299999980000","5690609,524899999600000",12.348899107,51.318850691,5,5,5,Südwest
126405,126406,14,7,13,000,2016,09,15,3,3,5,3,0,0,0,1,0,0,0,0,"731953,152400000020000","5690768,180900000000000",12.329025797,51.320845022,5,5,5,Südwest
126413,126414,14,7,13,000,2016,09,13,4,3,5,3,0,0,1,1,0,0,0,0,"727367,267600000020000","5690975,081700000000000",12.263456209,51.324553405,6,6,6,West
126419,126420,14,7,13,000,2016,09,16,6,3,4,2,0,0,0,1,0,0,0,0,"733821,553100000020000","5692556,123300000100000",12.356965167,51.336129909,0,0,0,Mitte
126420,126421,14,7,13,000,2016,10,08,6,3,2,2,0,1,0,1,0,0,0,0,"736596,790999999970000","5691283,917999999600000",12.395889814,51.323562621,0,0,0,Mitte
126421,126422,14,7,13,000,2016,09,15,3,2,4,2,0,0,1,1,0,0,0,0,"734092,838699999960000","5696636,451399999700000",12.363536862,51.372645208,9,9,9,Nord
126423,126424,14,7,13,000,2016,10,22,3,3,5,3,2,1,1,1,0,0,0,0,"735738,395800000060000","5692766,408099999700000",12.384573006,51.337226185,0,0,0,Mitte
126427,126428,14,7,13,000,2016,09,17,4,3,5,3,0,0,1,1,0,0,0,0,"734172,723200000010000","5693457,000699999700000",12.362589902,51.34407213,0,0,0,Mitte
126428,126429,14,7,13,000,2016,10,18,2,3,6,4,0,1,1,1,1,0,0,0,"735007,049299999960000","5691939,489900000400000",12.373546976,51.330106139,0,0,0,Mitte
126430,126431,14,7,13,000,2016,09,15,3,3,5,3,0,0,0,1,0,0,0,0,"736122,155000000030000","5695096,213000000500000",12.391617636,51.357979786,9,9,9,Nord
126431,126432,14,7,13,000,2016,09,07,6,3,5,3,0,0,1,1,0,0,0,0,"734825,301600000010000","5694552,015399999900000",12.372665488,51.353632243,0,0,0,Mitte
126437,126438,14,7,13,000,2016,10,07,3,2,6,4,0,0,0,1,1,0,0,0,"732647,237300000040000","5696544,252600000200000",12.342743645,51.372411544,8,8,8,Nordwest
126448,126449,14,7,13,000,2016,10,20,7,3,5,2,1,0,0,1,0,1,0,0,"738148,950700000040000","5694780,645300000000000",12.42046351,51.354301545,1,1,1,Nordost
126450,126451,14,7,13,000,2016,09,06,4,3,2,2,1,0,1,1,0,0,0,0,"731912,355800000020000","5689002,996399999600000",12.327293736,51.305015876,5,5,5,Südwest
126451,126452,14,7,13,000,2016,10,16,5,2,4,6,0,1,0,1,0,0,1,0,"730451,853200000010000","5701052,689100000100000",12.314182734,51.413778115,8,8,8,Nordwest
126453,126454,14,7,13,000,2016,10,06,4,3,5,3,2,1,0,1,0,0,0,0,"737283,216400000030000","5693839,860700000100000",12.407425748,51.346219116,2,2,2,Ost
126456,126457,14,7,13,000,2016,09,07,4,3,5,3,0,0,0,1,0,1,0,0,"737100,151799999990000","5692265,361999999700000",12.403753804,51.332162646,3,3,3,Südost
126460,126461,14,7,13,000,2016,09,16,3,3,0,1,0,0,1,0,0,0,0,0,"740116,378799999950000","5701295,661299999800000",12.453069312,51.411949885,9,9,9,Nord
126467,126468,14,7,13,000,2016,10,15,4,3,6,4,0,1,0,0,1,0,0,1,"734159,288700000030000","5695544,772900000200000",12.363771008,51.362818451,9,9,9,Nord
126471,126472,14,7,13,000,2016,10,10,2,3,2,6,0,1,0,1,0,0,0,0,"737383,381999999980000","5699075,659000000000000",12.412356983,51.393173756,1,1,1,Nordost
126472,126473,14,7,13,000,2016,09,16,4,3,5,3,0,0,1,1,0,0,0,0,"731814,972799999990000","5696475,472199999700000",12.330762315,51.372134411,8,8,8,Nordwest
126477,126478,14,7,13,000,2016,10,17,3,3,5,2,1,1,0,1,0,0,0,1,"728960,245600000020000","5690772,156100000300000",12.286150042,51.322092875,6,6,6,West
126480,126481,14,7,13,000,2016,09,13,1,3,4,2,0,0,0,1,0,1,0,0,"735724,879100000020000","5689109,893100000000000",12.381961949,51.30440975,4,4,4,Süd
126481,126482,14,7,13,000,2016,09,15,4,3,2,6,0,0,0,1,0,0,0,0,"735588,686600000020000","5697098,205000000100000",12.385295659,51.376171538,9,9,9,Nord
126482,126483,14,7,13,000,2016,10,16,2,3,5,3,0,1,0,1,0,1,0,0,"739234,672299999980000","5699127,119800000500000",12.438952431,51.392858362,1,1,1,Nordost
126484,126485,14,7,13,000,2016,09,14,1,3,2,6,0,0,0,1,0,0,0,0,"736121,999599999980000","5694396,328200000300000",12.391151022,51.351697553,1,1,1,Nordost
126485,126486,14,7,13,000,2016,09,08,4,3,3,6,0,0,1,0,0,0,0,0,"735001,831200000020000","5692239,531100000300000",12.373670082,51.332801582,0,0,0,Mitte
126491,126492,14,7,13,000,2016,10,06,5,3,6,4,1,1,0,1,1,0,0,0,"736065,907299999960000","5689660,845700000400000",12.387210009,51.309213976,4,4,4,Süd
126494,126495,14,7,13,000,2016,09,09,1,3,4,6,0,0,0,1,0,0,0,0,"730888,912400000030000","5689404,340400000100000",12.312896273,51.309034699,5,5,5,Südwest
126509,126510,14,7,13,000,2016,10,07,4,2,5,3,1,1,1,1,0,0,0,0,"736751,167900000000000","5688798,522900000200000",12.396451952,51.301189005,4,4,4,Süd
126511,126512,14,7,13,000,2016,10,18,4,3,3,2,1,1,1,1,0,0,0,0,"734996,080700000050000","5692261,299900000000000",12.373602039,51.332999363,0,0,0,Mitte
126515,126516,14,7,13,000,2016,10,09,3,3,4,2,0,1,1,1,0,0,0,0,"734406,050599999960000","5692970,516099999700000",12.365613942,51.33960908,0,0,0,Mitte
126517,126518,14,7,13,000,2016,10,17,3,3,5,3,0,0,0,1,0,0,0,0,"734102,244599999980000","5692977,425400000100000",12.361264485,51.339796253,0,0,0,Mitte
126518,126519,14,7,13,000,2016,10,12,7,3,3,2,0,0,1,1,0,0,0,0,"733271,061899999970000","5692087,064199999900000",12.348769191,51.332145408,5,5,5,Südwest
126524,126525,14,7,13,000,2016,10,19,4,3,9,1,2,1,0,1,0,0,0,0,"734140,020499999980000","5690322,293899999900000",12.360061626,51.315946881,4,4,4,Süd
126529,126530,14,7,13,000,2016,10,10,3,3,6,7,0,0,0,1,1,0,0,0,"734280,061400000010000","5695544,526100000400000",12.36550257,51.36276645,9,9,9,Nord
126533,126534,14,7,13,000,2016,10,19,3,3,0,5,2,1,1,1,0,0,0,0,"735053,530299999980000","5690617,400600000300000",12.373341247,51.318219334,4,4,4,Süd
126536,126537,14,7,13,000,2016,09,16,5,3,6,4,0,0,1,0,1,0,0,0,"735233,927499999990000","5692244,196100000300000",12.37699891,51.332747516,0,0,0,Mitte
126539,126540,14,7,13,000,2016,10,07,4,3,2,6,1,0,1,1,0,0,0,0,"735390,447700000020000","5689324,519600000200000",12.377314355,51.306474683,4,4,4,Süd
126546,126547,14,7,13,000,2016,09,08,5,3,4,2,0,0,1,1,0,0,0,0,"728103,748000000020000","5691039,783300000200000",12.274049992,51.324839455,6,6,6,West
126558,126559,14,7,13,000,2016,09,14,5,3,5,3,0,0,1,1,0,0,0,0,"733080,368800000050000","5694122,536799999900000",12.347368831,51.350495249,0,0,0,Mitte
126561,126562,14,7,13,000,2016,10,04,3,3,2,6,2,1,0,1,0,0,0,0,"734804,742500000050000","5691685,666600000100000",12.370481011,51.327911258,0,0,0,Mitte
126562,126563,14,7,13,000,2016,10,17,7,3,4,2,0,1,0,1,0,0,0,0,"737188,053100000020000","5693904,591500000100000",12.406104904,51.346839854,2,2,2,Ost
126564,126565,14,7,13,000,2016,09,16,5,3,3,2,0,0,1,1,0,0,0,0,"736790,851799999950000","5693773,519500000400000",12.400324574,51.345828914,2,2,2,Ost
126565,126566,14,7,13,000,2016,10,08,4,3,5,2,0,1,1,1,0,0,0,0,"734857,307900000010000","5692094,500300000400000",12.371503582,51.331559419,0,0,0,Mitte
126568,126569,14,7,13,000,2016,10,18,4,3,1,5,2,1,0,1,0,1,0,0,"734732,217999999990000","5694344,684999999600000",12.371194323,51.351809617,0,0,0,Mitte
126570,126571,14,7,13,000,2016,09,10,5,3,2,2,0,0,0,1,0,0,0,0,"734787,432900000010000","5693008,476499999900000",12.371104704,51.339792489,0,0,0,Mitte
126573,126574,14,7,13,000,2016,09,15,5,3,1,6,0,0,1,1,0,0,0,0,"741242,877300000050000","5690331,519399999600000",12.461801721,51.313063445,3,3,3,Südost
126575,126576,14,7,13,000,2016,10,15,3,3,5,3,0,0,0,1,0,0,0,0,"735263,209400000050000","5695216,807199999700000",12.37938272,51.359418521,0,0,0,Mitte
126578,126579,14,7,13,000,2016,09,09,5,3,4,2,0,0,0,1,0,0,0,0,"737323,584099999980000","5696747,489000000100000",12.4099439,51.37230119,1,1,1,Nordost
126581,126582,14,7,13,000,2016,10,20,4,2,0,5,2,1,1,1,0,0,0,0,"734830,910900000020000","5692875,245699999900000",12.371639967,51.338578604,0,0,0,Mitte
126586,126587,14,7,13,000,2016,10,15,3,3,9,1,0,0,1,0,0,0,0,0,"734624,410000000030000","5694792,999499999900000",12.369944437,51.355878374,9,9,9,Nord
126593,126594,14,7,13,000,2016,10,15,3,3,0,1,0,1,1,0,0,0,0,0,"737546,661599999990000","5695342,512000000100000",12.412204602,51.359596903,1,1,1,Nordost
126598,126599,14,7,13,000,2016,10,14,2,3,6,6,0,0,1,0,1,0,0,0,"730455,552799999950000","5690272,189899999600000",12.307250043,51.317001011,6,6,6,West
126603,126604,14,7,13,000,2016,09,16,2,3,5,3,0,0,1,1,0,0,0,0,"735741,257600000010000","5692769,397500000000000",12.384615995,51.337251832,0,0,0,Mitte
126606,126607,14,7,13,000,2016,10,14,5,3,5,3,0,1,0,1,0,0,0,0,"731958,512499999950000","5689147,375199999700000",12.328048601,51.30629314,5,5,5,Südwest
126609,126610,14,7,13,000,2016,09,11,7,2,6,4,0,0,0,1,1,0,0,0,"736775,362300000040000","5686719,901300000000000",12.395420372,51.282520736,4,4,4,Süd
126613,126614,14,7,13,000,2016,09,13,2,3,5,3,0,0,1,1,0,0,0,0,"736606,784300000060000","5690097,265200000300000",12.395245655,51.312906826,0,0,0,Mitte
126617,126618,14,7,13,000,2016,10,19,7,3,2,6,1,1,0,1,0,0,0,0,"731769,111200000040000","5692339,555999999900000",12.327411044,51.335025971,7,7,7,Alt-West
126619,126620,14,7,13,000,2016,10,11,7,3,4,2,0,1,1,1,0,0,0,0,"735537,118000000020000","5692915,139999999700000",12.381786948,51.338644646,0,0,0,Mitte
126624,126625,14,7,13,000,2016,10,11,4,3,2,6,0,1,0,1,0,0,0,0,"729336,555700000030000","5690826,099800000000000",12.29157617,51.322425587,6,6,6,West
126625,126626,14,7,13,000,2016,09,16,2,3,2,6,0,0,0,1,0,0,0,0,"735260,250699999980000","5697989,946100000300000",12.381175416,51.384312176,9,9,9,Nord
126626,126627,14,7,13,000,2016,10,07,4,1,1,7,0,0,0,1,0,0,0,1,"731234,425700000020000","5696698,231800000200000",12.322580885,51.374370722,8,8,8,Nordwest
126628,126629,14,7,13,000,2016,10,13,7,3,5,3,0,1,0,1,0,0,0,1,"727242,067300000000000","5693206,320100000100000",12.26308549,51.344634135,7,7,7,Alt-West
126631,126632,14,7,13,000,2016,09,07,2,3,0,5,0,0,1,1,0,0,0,0,"734893,707500000020000","5696052,540599999900000",12.3746369,51.3670732,9,9,9,Nord
126634,126635,14,7,13,000,2016,09,15,2,3,2,6,0,0,1,1,0,0,0,0,"734688,351499999990000","5695454,710400000200000",12.371297626,51.361791735,9,9,9,Nord
126640,126641,14,7,13,000,2016,10,11,7,3,2,6,0,1,0,1,0,0,0,0,"732497,750600000030000","5694034,545500000000000",12.338959398,51.349943981,7,7,7,Alt-West
126645,126646,14,7,13,000,2016,10,15,3,1,6,4,0,0,0,0,1,0,0,1,"735073,610600000010000","5690351,242100000400000",12.373453455,51.315821891,4,4,4,Süd
126660,126661,14,7,13,000,2016,10,17,5,2,4,1,1,1,0,1,0,0,0,1,"736836,401500000040000","5694425,427199999800000",12.40141114,51.351661534,1,1,1,Nordost
126665,126666,14,7,13,000,2016,09,07,3,3,4,2,0,0,1,1,0,0,0,0,"736480,080199999970000","5693785,389399999800000",12.395878189,51.346064811,2,2,2,Ost
126678,126679,14,7,13,000,2016,10,09,4,2,5,3,0,1,1,0,0,0,0,1,"735833,720300000040000","5693456,335799999500000",12.386395885,51.343379633,0,0,0,Mitte
126682,126683,14,7,13,000,2016,09,16,3,3,5,3,0,0,1,1,0,0,0,0,"736988,496300000000000","5693916,551500000100000",12.403252589,51.34703043,2,2,2,Ost
126686,126687,14,7,13,000,2016,09,15,3,3,5,3,0,0,1,1,0,0,0,0,"735291,241500000000000","5690348,557599999900000",12.376569005,51.315707863,4,4,4,Süd