FID_left,OBJECTID,ULAND,UREGBEZ,UKREIS,UGEMEINDE,UJAHR,UMONAT,USTUNDE,UWOCHENTAG,UKATEGORIE,UART,UTYP1,ULICHTVERH,IstStrasse,IstRad,IstPKW,IstFuss,IstKrad,IstGkfz,IstSonstig,LINREFX,LINREFY,XGCSWGS84,YGCSWGS84,index_right,FID_right,SBZ,Name
126700,126701,14,7,13,000,2016,10,18,2,3,2,6,2,1,0,1,0,0,0,0,"734353,594900000030000","5691666,147599999800000",12.364004218,51.327922075,0,0,0,Mitte
126702,126703,14,7,13,000,2016,10,10,6,3,1,1,0,0,0,1,0,0,0,0,"731858,314999999940000","5690156,160000000100000",12.327269221,51.315389664,5,5,5,Südwest
126703,126704,14,7,13,000,2016,10,14,6,3,2,6,0,1,0,1,0,0,0,0,"737347,474900000030000","5690237,950299999700000",12.405947855,51.313861258,3,3,3,Südost
126704,126705,14,7,13,000,2016,10,18,5,3,1,5,2,0,1,1,0,0,0,0,"737566,355499999950000","5691531,971400000200000",12.409944943,51.325385172,3,3,3,Südost
126707,126708,14,7,13,000,2016,10,07,4,3,4,2,1,0,1,1,0,0,0,0,"734392,921399999990000","5696047,395300000000000",12.367452246,51.367233856,9,9,9,Nord
126708,126709,14,7,13,000,2016,10,13,6,3,5,3,0,0,0,1,0,0,0,0,"735608,270299999970000","5694415,968600000300000",12.383799746,51.352087026,0,0,0,Mitte
126710,126711,14,7,13,000,2016,10,17,2,3,3,2,0,0,1,0,0,0,0,0,"735033,549200000010000","5691167,869900000300000",12.373417876,51.323168824,4,4,4,Süd
126712,126713,14,7,13,000,2016,10,10,3,3,2,2,0,0,0,1,0,0,0,0,"734781,718699999970000","5692496,602599999900000",12.370685436,51.335200061,0,0,0,Mitte
126714,126715,14,7,13,000,2016,10,19,2,3,3,2,2,0,0,1,0,0,0,1,"734005,667000000020000","5695599,555999999900000",12.361604306,51.363373499,9,9,9,Nord
126715,126716,14,7,13,000,2016,10,16,3,3,5,3,0,1,1,1,0,0,0,0,"738043,785200000040000","5691163,423000000400000",12.416538652,51.321877529,3,3,3,Südost
126716,126717,14,7,13,000,2016,10,21,6,3,5,3,2,0,1,0,0,0,0,1,"735894,054899999990000","5694562,280899999700000",12.387993452,51.353281826,9,9,9,Nord
126720,126721,14,7,13,000,2016,11,16,3,3,6,4,2,0,0,1,1,0,0,0,"731099,430300000010000","5693477,097000000100000",12.318552175,51.345510055,7,7,7,Alt-West
126722,126723,14,7,13,000,2016,10,11,4,3,0,1,0,0,0,0,0,1,0,0,"735893,751700000020000","5694753,389800000000000",12.388115782,51.354997387,9,9,9,Nord
126725,126726,14,7,13,000,2016,10,16,4,3,6,7,0,0,0,1,0,0,0,1,"734358,481999999960000","5692999,649000000200000",12.364951384,51.339890196,0,0,0,Mitte
126726,126727,14,7,13,000,2016,10,15,4,3,4,2,0,0,1,0,0,0,0,1,"735006,738400000030000","5692174,630900000200000",12.373697594,51.332216985,0,0,0,Mitte
126735,126736,14,7,13,000,2016,10,14,4,2,5,3,0,0,1,1,0,0,0,0,"740998,279199999990000","5696237,516400000100000",12.462294745,51.366176718,2,2,2,Ost
126738,126739,14,7,13,000,2016,10,12,3,3,8,1,0,1,0,1,0,0,0,0,"736701,955700000050000","5689740,991299999900000",12.396372383,51.309669269,4,4,4,Süd
126739,126740,14,7,13,000,2016,10,10,4,3,5,3,0,0,0,1,0,0,0,0,"740688,118000000020000","5688722,156399999700000",12.452771118,51.298853165,3,3,3,Südost
126740,126741,14,7,13,000,2016,10,22,4,2,0,1,2,0,0,0,0,1,0,0,"729556,604500000020000","5700691,551799999500000",12.30109722,51.41089928,8,8,8,Nordwest
126741,126742,14,7,13,000,2016,10,01,7,3,5,3,2,1,0,1,1,0,0,0,"731666,263400000050000","5692856,038099999500000",12.32627307,51.339704238,7,7,7,Alt-West
126745,126746,14,7,13,000,2016,10,17,3,3,2,6,1,1,0,1,0,0,0,0,"737438,383099999980000","5693240,587000000300000",12.40925015,51.34077523,2,2,2,Ost
126748,126749,14,7,13,000,2016,10,09,4,3,1,5,0,0,1,1,0,0,0,0,"736447,697000000040000","5693786,588399999800000",12.395414836,51.346089042,2,2,2,Ost
126750,126751,14,7,13,000,2016,10,07,3,3,3,2,2,1,1,1,0,0,0,0,"734457,018399999940000","5693581,435499999700000",12.366746595,51.345071948,0,0,0,Mitte
126755,126756,14,7,13,000,2016,10,20,4,2,5,3,2,0,1,0,0,0,0,1,"728492,162999999940000","5694739,067099999600000",12.281988696,51.357892881,7,7,7,Alt-West
126769,126770,14,7,13,000,2016,10,18,4,3,6,4,1,0,0,1,1,0,0,0,"735045,824600000050000","5692580,342100000000000",12.374525312,51.335842652,0,0,0,Mitte
126770,126771,14,7,13,000,2016,10,08,6,2,0,1,0,0,1,1,0,0,0,0,"736698,370299999950000","5689804,547700000000000",12.396363199,51.310241255,4,4,4,Süd
126785,126786,14,7,13,000,2016,10,15,4,3,4,2,0,0,0,1,0,0,0,0,"736539,380000000000000","5690278,896099999500000",12.394400686,51.314565201,0,0,0,Mitte
126791,126792,14,7,13,000,2016,10,14,1,3,2,2,0,0,0,1,0,0,0,0,"733967,143000000040000","5695294,538999999900000",12.360851291,51.360651391,9,9,9,Nord
126810,126811,14,7,13,000,2016,10,15,5,3,5,3,0,0,1,1,0,0,0,0,"732893,869700000040000","5698348,865799999800000",12.347463621,51.388509688,8,8,8,Nordwest
126818,126819,14,7,13,000,2016,10,03,1,2,8,1,2,0,0,1,0,0,0,0,"735623,490699999970000","5690918,075799999800000",12.381704366,51.320682596,4,4,4,Süd
126821,126822,14,7,13,000,2016,10,19,7,3,5,3,2,1,1,1,0,0,0,0,"733068,657200000020000","5691525,869400000200000",12.345501829,51.327190732,5,5,5,Südwest
126825,126826,14,7,13,000,2016,10,16,5,2,3,6,0,0,0,1,0,1,0,0,"731185,913500000020000","5691926,573499999900000",12.318785454,51.331556037,7,7,7,Alt-West
126826,126827,14,7,13,000,2016,10,07,5,3,3,2,1,0,1,1,0,0,0,0,"734394,026100000020000","5691536,556300000300000",12.364498286,51.326742145,4,4,4,Süd
126831,126832,14,7,13,000,2016,10,15,6,3,5,3,0,1,1,1,0,0,0,0,"737235,046399999990000","5692694,449699999800000",12.405972355,51.335957929,3,3,3,Südost
126832,126833,14,7,13,000,2016,10,12,7,3,2,6,0,1,0,1,0,0,0,0,"737393,104700000030000","5692876,279299999600000",12.408358451,51.33752409,2,2,2,Ost
126834,126835,14,7,13,000,2016,10,19,5,3,3,2,2,1,1,1,0,0,0,0,"738442,092900000050000","5690931,723700000000000",12.42208951,51.319631039,3,3,3,Südost
126836,126837,14,7,13,000,2016,10,14,5,3,5,3,0,0,0,1,0,0,0,0,"738113,652400000020000","5692755,558100000000000",12.418603243,51.336139268,2,2,2,Ost
126839,126840,14,7,13,000,2016,10,11,5,3,4,5,0,0,0,0,0,0,0,1,"737923,121900000030000","5697530,671699999800000",12.419066052,51.379080143,1,1,1,Nordost
126840,126841,14,7,13,000,2016,10,18,5,3,4,2,1,1,1,1,0,0,0,0,"734280,538199999950000","5695505,716599999900000",12.365483845,51.362417883,9,9,9,Nord
126846,126847,14,7,13,000,2016,10,18,7,3,2,6,2,0,0,1,0,0,0,0,"735023,619100000010000","5693530,860000000300000",12.374834327,51.344384026,0,0,0,Mitte
126847,126848,14,7,13,000,2016,10,13,5,3,1,5,0,0,1,1,0,0,0,0,"733579,811299999940000","5695732,264399999800000",12.355585114,51.36473999,9,9,9,Nord
126848,126849,14,7,13,000,2016,10,15,2,3,3,6,0,1,0,1,0,0,0,0,"737182,435500000020000","5693722,706799999800000",12.405903222,51.345209589,2,2,2,Ost
126853,126854,14,7,13,000,2016,10,15,7,3,3,2,0,1,1,1,0,0,0,0,"735755,913500000020000","5692866,866999999600000",12.38489053,51.33812067,0,0,0,Mitte
126857,126858,14,7,13,000,2016,10,19,2,3,5,3,2,1,1,1,0,0,0,0,"734823,620600000020000","5692823,773799999600000",12.371501556,51.338119582,0,0,0,Mitte
126859,126860,14,7,13,000,2016,10,17,7,3,5,3,1,1,1,1,0,0,0,0,"732275,293900000050000","5690634,678299999800000",12.333553859,51.319515194,5,5,5,Südwest
126862,126863,14,7,13,000,2016,10,19,7,3,1,5,2,0,1,1,0,0,0,0,"734723,996500000010000","5690521,713200000100000",12.368557783,51.317496415,4,4,4,Süd
126863,126864,14,7,13,000,2016,10,12,5,3,5,3,0,0,1,1,0,0,0,0,"736342,688800000000000","5692762,894600000200000",12.393230393,51.336943836,0,0,0,Mitte
126866,126867,14,7,13,000,2016,10,09,7,3,5,3,0,1,1,1,0,0,0,0,"735389,410999999960000","5691296,174999999800000",12.378600724,51.324173428,4,4,4,Süd
126867,126868,14,7,13,000,2016,10,13,7,2,5,3,0,1,0,1,0,0,0,0,"735250,045200000050000","5688913,864799999600000",12.375032962,51.302846508,4,4,4,Süd
126869,126870,14,7,13,000,2016,10,08,5,3,5,3,1,0,0,0,0,0,1,1,"734605,928100000020000","5692453,204199999600000",12.368137772,51.334883039,0,0,0,Mitte
126870,126871,14,7,13,000,2016,10,16,2,3,5,3,0,1,0,1,0,0,0,0,"729707,381900000040000","5690341,099200000100000",12.296576593,51.317922098,6,6,6,West
126872,126873,14,7,13,000,2016,10,07,5,3,4,2,1,0,0,1,0,1,0,0,"731485,016100000010000","5688733,970800000200000",12.32099918,51.302774766,5,5,5,Südwest
126875,126876,14,7,13,000,2016,10,16,5,3,3,2,0,1,1,0,0,0,0,0,"736345,821600000020000","5694423,341000000000000",12.394377405,51.351847003,1,1,1,Nordost
126877,126878,14,7,13,000,2016,10,10,2,3,5,3,0,0,1,1,0,0,0,0,"737930,559000000010000","5692480,932000000000000",12.41579618,51.333750854,2,2,2,Ost
126879,126880,14,7,13,000,2016,10,18,3,3,2,2,1,0,0,1,0,0,0,0,"734180,501900000030000","5692901,319699999900000",12.362335997,51.339080869,0,0,0,Mitte
126882,126883,14,7,13,000,2016,10,15,7,3,4,2,0,0,0,1,0,0,0,0,"737775,513000000040000","5693736,475999999800000",12.414412703,51.345085456,2,2,2,Ost
126883,126884,14,7,13,000,2016,10,15,2,3,2,6,0,1,0,1,0,0,0,1,"736121,639899999950000","5699295,758500000500000",12.39440025,51.395675706,9,9,9,Nord
126885,126886,14,7,13,000,2016,10,14,5,3,0,7,0,0,0,1,0,0,0,1,"734566,353699999980000","5692142,222099999900000",12.36736594,51.332107849,0,0,0,Mitte
126890,126891,14,7,13,000,2016,10,07,3,3,1,6,1,1,0,1,0,1,0,0,"734805,515000000010000","5692577,935700000300000",12.371080043,51.335920316,0,0,0,Mitte
126894,126895,14,7,13,000,2016,10,10,3,3,9,1,0,1,1,0,0,0,0,0,"735183,474200000060000","5688964,590499999900000",12.374113098,51.303329344,4,4,4,Süd
126895,126896,14,7,13,000,2016,10,17,6,3,2,6,2,1,0,1,0,1,0,0,"742296,099399999950000","5692955,643299999600000",12.478669025,51.336168713,2,2,2,Ost
126897,126898,14,7,13,000,2016,10,18,7,2,4,2,2,1,0,1,0,1,0,0,"740593,136500000020000","5691584,823699999600000",12.453341801,51.324587694,2,2,2,Ost
126898,126899,14,7,13,000,2016,10,17,2,3,5,3,1,1,0,1,0,0,0,0,"734530,998000000020000","5693625,824000000000000",12.367836193,51.345439885,0,0,0,Mitte
126903,126904,14,7,13,000,2016,11,12,3,3,5,3,0,0,1,1,0,0,0,0,"736041,379700000050000","5697786,770399999800000",12.392245767,51.38216423,9,9,9,Nord
126904,126905,14,7,13,000,2016,10,19,7,3,5,3,2,0,0,1,0,0,0,0,"733032,920000000040000","5695747,208399999900000",12.347752737,51.365098716,8,8,8,Nordwest
126905,126906,14,7,13,000,2016,10,09,3,3,5,3,0,1,0,1,0,0,0,0,"735317,822599999960000","5694528,551099999800000",12.379710578,51.35321792,0,0,0,Mitte
126910,126911,14,7,13,000,2016,10,19,2,2,6,2,2,1,0,1,1,0,0,0,"742290,849300000000000","5694031,211100000000000",12.479325502,51.345824585,2,2,2,Ost
126916,126917,14,7,13,000,2016,10,14,7,3,0,7,0,0,0,0,0,0,0,1,"741837,904800000020000","5695461,808400000400000",12.473806055,51.358857646,2,2,2,Ost
126917,126918,14,7,13,000,2016,10,17,3,3,5,3,0,0,1,1,0,0,0,0,"734530,456899999990000","5694943,253700000200000",12.368696515,51.357265894,9,9,9,Nord
126918,126919,14,7,13,000,2016,10,19,5,3,1,5,2,0,1,1,0,0,0,0,"735168,214000000040000","5693426,541199999900000",12.37683788,51.343387836,0,0,0,Mitte
126922,126923,14,7,13,000,2016,10,16,3,2,5,3,0,0,0,1,0,0,0,0,"732775,221000000020000","5691352,025000000400000",12.341183966,51.325750324,5,5,5,Südwest
126926,126927,14,7,13,000,2016,10,10,3,3,6,4,0,1,0,1,1,0,0,0,"731272,657200000020000","5693285,142199999700000",12.320910523,51.343716465,7,7,7,Alt-West
126932,126933,14,7,13,000,2016,10,18,5,3,4,2,2,0,1,1,0,0,0,0,"731410,363999999940000","5691633,966400000300000",12.321811728,51.328838072,7,7,7,Alt-West
126933,126934,14,7,13,000,2016,10,19,2,3,5,3,2,1,1,1,0,0,0,0,"738043,780200000040000","5691163,422500000300000",12.41653858,51.321877526,3,3,3,Südost
126940,126941,14,7,13,000,2016,10,15,2,3,3,2,0,1,1,1,0,0,0,0,"737084,768300000000000","5689548,025500000500000",12.401726657,51.307777873,4,4,4,Süd
126943,126944,14,7,13,000,2016,10,07,5,3,5,3,1,0,1,1,0,0,0,0,"734754,179499999970000","5691316,530299999800000",12.369513446,51.324618597,4,4,4,Süd
126944,126945,14,7,13,000,2016,10,17,2,2,3,2,0,1,1,1,0,0,0,0,"736967,792999999950000","5692698,561999999900000",12.402145411,51.336106259,3,3,3,Südost
126951,126952,14,7,13,000,2016,10,14,6,3,3,2,0,1,0,1,0,0,0,1,"727783,417800000050000","5689139,423700000200000",12.268246475,51.307907572,6,6,6,West
126953,126954,14,7,13,000,2016,10,14,6,3,6,4,0,0,0,1,1,0,0,0,"737030,932999999960000","5696784,113599999800000",12.405771395,51.372752135,1,1,1,Nordost
126958,126959,14,7,13,000,2016,10,12,4,3,5,3,0,0,1,0,0,0,0,1,"734473,797400000040000","5692605,325799999800000",12.366344464,51.336303039,0,0,0,Mitte
126962,126963,14,7,13,000,2016,10,13,6,3,2,6,0,0,0,1,0,0,0,0,"738177,048599999980000","5695897,371500000400000",12.421613903,51.364313397,1,1,1,Nordost
126972,126973,14,7,13,000,2016,10,00,1,3,6,2,2,0,0,1,1,0,0,0,"730536,414299999950000","5691504,221099999700000",12.309205077,51.3280282,7,7,7,Alt-West
126975,126976,14,7,13,000,2016,10,13,6,2,5,3,0,0,1,0,0,1,0,0,"735037,820500000030000","5691482,643899999600000",12.373686606,51.325992597,0,0,0,Mitte
126982,126983,14,7,13,000,2016,10,13,6,3,4,2,0,0,0,1,0,0,0,0,"737882,689099999960000","5693845,927199999800000",12.416021921,51.346023054,2,2,2,Ost
126987,126988,14,7,13,000,2016,10,17,2,2,6,4,2,0,0,1,1,0,0,0,"734510,832100000000000","5690889,346500000000000",12.36574607,51.320884348,4,4,4,Süd
126988,126989,14,7,13,000,2016,10,11,6,3,6,4,0,1,0,1,1,0,0,0,"737452,158399999960000","5696977,898799999600000",12.411941686,51.374315605,1,1,1,Nordost
126989,126990,14,7,13,000,2016,10,15,6,3,0,7,0,0,0,1,0,0,0,0,"730961,143999999970000","5692021,205000000100000",12.31562592,51.332496847,7,7,7,Alt-West
126990,126991,14,7,13,000,2016,10,16,5,3,2,6,0,0,0,1,0,0,0,0,"732125,373999999950000","5688361,240000000200000",12.329927065,51.299168127,5,5,5,Südwest
126994,126995,14,7,13,000,2016,11,10,5,3,5,3,0,0,0,1,0,0,0,0,"736973,200500000040000","5693015,854399999600000",12.402433977,51.338952058,2,2,2,Ost
126995,126996,14,7,13,000,2016,11,18,2,3,4,2,2,1,1,1,0,0,0,0,"735043,630200000010000","5690893,929100000300000",12.373381705,51.320705656,4,4,4,Süd
126996,126997,14,7,13,000,2016,11,14,4,3,5,3,0,0,0,1,0,0,0,0,"735411,216099999960000","5690463,544800000300000",12.378363398,51.316690418,4,4,4,Süd
126999,127000,14,7,13,000,2016,11,18,6,3,6,2,2,0,0,1,1,0,0,0,"732899,659499999950000","5695946,056900000200000",12.345972046,51.366938342,8,8,8,Nordwest
127005,127006,14,7,13,000,2016,11,15,2,3,2,6,0,1,0,1,0,0,0,0,"741884,545700000020000","5692988,440200000100000",12.472794238,51.336638263,2,2,2,Ost
127009,127010,14,7,13,000,2016,11,15,4,3,8,1,0,1,0,1,0,0,0,0,"735824,703699999950000","5688965,712000000300000",12.383296194,51.303074194,4,4,4,Süd
127010,127011,14,7,13,000,2016,11,17,6,3,5,2,2,0,1,1,0,0,0,0,"734781,216699999990000","5692496,441499999700000",12.370678136,51.335198822,0,0,0,Mitte
127020,127021,14,7,13,000,2016,11,17,2,3,3,5,2,1,1,1,0,0,0,0,"734577,672499999990000","5694860,899899999600000",12.369319149,51.356507167,9,9,9,Nord
127025,127026,14,7,13,000,2016,11,06,2,3,2,6,0,1,0,1,0,0,0,0,"731871,944400000040000","5688170,592500000300000",12.326174278,51.297559955,5,5,5,Südwest
127091,127092,14,7,13,000,2016,11,08,4,3,2,6,0,1,0,1,0,0,0,1,"731704,481200000040000","5691892,247200000100000",12.326193972,51.331036894,7,7,7,Alt-West
127097,127098,14,7,13,000,2016,11,15,3,3,2,7,0,1,0,1,0,0,0,0,"731755,320100000010000","5691728,086699999900000",12.3268157,51.329542543,5,5,5,Südwest
127105,127106,14,7,13,000,2016,11,08,4,3,2,2,0,0,1,1,0,0,0,0,"734746,336200000020000","5690900,184500000400000",12.369126938,51.320884529,4,4,4,Süd
127112,127113,14,7,13,000,2016,11,09,3,3,5,3,0,1,1,1,0,0,0,0,"734463,855100000040000","5691194,758200000000000",12.365273943,51.323645228,4,4,4,Süd
127113,127114,14,7,13,000,2016,11,16,7,2,5,2,2,1,0,1,0,0,0,0,"738086,196000000000000","5697557,152999999900000",12.421422758,51.379249487,1,1,1,Nordost
127114,127115,14,7,13,000,2016,11,17,2,3,4,2,2,1,1,1,0,0,0,0,"736469,253000000030000","5693785,740000000200000",12.395723235,51.346072461,2,2,2,Ost
127115,127116,14,7,13,000,2016,11,17,5,3,3,2,1,0,1,1,0,0,0,0,"734848,730400000000000","5692095,969399999800000",12.371381644,51.331576148,0,0,0,Mitte
127120,127121,14,7,13,000,2016,11,07,7,3,0,7,1,0,1,0,0,0,0,1,"734345,913900000040000","5691691,033300000200000",12.363910528,51.328148625,0,0,0,Mitte
127121,127122,14,7,13,000,2016,11,23,3,3,5,3,2,0,1,1,0,0,0,0,"737538,050399999950000","5693745,448499999900000",12.41101526,51.345265254,2,2,2,Ost
127123,127124,14,7,13,000,2016,11,07,5,3,5,3,0,1,1,1,0,0,0,0,"734370,090699999940000","5692372,108500000100000",12.364704878,51.334252319,0,0,0,Mitte
127127,127128,14,7,13,000,2016,11,12,3,3,4,2,0,1,0,1,0,0,0,0,"736759,626000000050000","5699848,904600000000000",12.403923275,51.400374954,9,9,9,Nord
127128,127129,14,7,13,000,2016,11,14,7,3,3,6,0,1,1,1,0,0,0,0,"732713,738999999940000","5692710,355800000000000",12.34119019,51.337968792,7,7,7,Alt-West
127130,127131,14,7,13,000,2016,11,04,5,3,6,2,2,1,0,1,1,0,0,0,"732324,810599999970000","5691367,786999999500000",12.334740952,51.326075922,5,5,5,Südwest
127131,127132,14,7,13,000,2016,11,13,7,3,8,1,0,1,0,1,0,0,0,0,"737931,866700000010000","5693266,069500000200000",12.416339331,51.340797689,2,2,2,Ost
127132,127133,14,7,13,000,2016,11,15,3,2,5,3,0,1,0,1,0,0,0,0,"735608,302700000000000","5694415,986200000200000",12.383800222,51.35208717,0,0,0,Mitte
127134,127135,14,7,13,000,2016,11,11,5,3,2,6,0,1,0,1,0,0,0,0,"735095,936100000050000","5694526,814399999600000",12.37652857,51.353294152,0,0,0,Mitte
127135,127136,14,7,13,000,2016,11,14,3,2,0,7,0,1,1,0,0,0,0,0,"732582,045500000010000","5692080,112900000100000",12.338891398,51.332365166,5,5,5,Südwest
127137,127138,14,7,13,000,2016,11,20,3,3,5,3,2,1,0,1,0,0,0,0,"734569,807999999960000","5692131,366000000400000",12.36740829,51.332008975,0,0,0,Mitte
127138,127139,14,7,13,000,2016,11,12,3,3,5,3,0,0,1,1,0,0,0,0,"738086,196000000000000","5697557,152999999900000",12.421422758,51.379249487,1,1,1,Nordost
127141,127142,14,7,13,000,2016,11,13,3,3,2,6,0,1,0,1,0,0,0,0,"735040,951499999970000","5690881,787399999800000",12.373335327,51.320597774,4,4,4,Süd
127144,127145,14,7,13,000,2016,11,08,5,3,2,2,0,1,0,1,0,0,0,0,"735614,826299999960000","5693402,427600000100000",12.383222948,51.342986488,0,0,0,Mitte
127145,127146,14,7,13,000,2016,11,13,7,3,2,2,0,1,0,1,0,0,0,0,"731835,575900000050000","5689404,607499999900000",12.326455074,51.308652353,5,5,5,Südwest
127147,127148,14,7,13,000,2016,11,11,1,3,2,6,0,0,0,1,0,0,0,0,"730533,766700000040000","5691502,199099999900000",12.309165832,51.328011122,7,7,7,Alt-West
127148,127149,14,7,13,000,2016,11,17,3,3,6,2,2,1,0,1,1,0,0,0,"732150,307099999980000","5690953,280199999900000",12.331970779,51.322426219,5,5,5,Südwest
127150,127151,14,7,13,000,2016,11,06,2,2,5,3,2,0,0,1,0,1,0,0,"731897,542999999950000","5690507,417799999900000",12.328059543,51.318526863,5,5,5,Südwest
127151,127152,14,7,13,000,2016,11,10,7,3,1,6,0,1,0,1,0,0,0,0,"735303,635099999960000","5690066,263600000200000",12.376560303,51.313168759,4,4,4,Süd
127153,127154,14,7,13,000,2016,11,20,4,3,1,1,2,1,0,1,0,0,0,1,"734359,725499999940000","5700098,211299999600000",12.369648662,51.403609114,9,9,9,Nord
127154,127155,14,7,13,000,2016,11,05,1,2,0,1,2,0,1,0,0,0,0,0,"735414,830500000040000","5692990,504900000100000",12.380084265,51.339371782,0,0,0,Mitte
127155,127156,14,7,13,000,2016,11,10,5,2,3,5,0,1,0,1,0,0,0,0,"737628,056100000050000","5697078,087799999900000",12.414531313,51.375141329,1,1,1,Nordost
127156,127157,14,7,13,000,2016,11,15,7,3,4,2,0,1,0,1,0,0,0,0,"734748,094000000040000","5691052,186999999900000",12.369252198,51.322248246,4,4,4,Süd
127158,127159,14,7,13,000,2016,11,07,5,3,0,3,1,0,1,1,0,0,0,0,"734889,649600000000000","5694333,600200000200000",12.373443814,51.35164508,0,0,0,Mitte
127161,127162,14,7,13,000,2016,11,07,5,3,2,6,0,1,1,1,0,0,0,0,"734172,131100000000000","5692166,018199999800000",12.361732701,51.33248389,0,0,0,Mitte
127162,127163,14,7,13,000,2016,11,12,7,3,1,5,0,1,0,1,0,0,0,0,"743230,409499999950000","5694314,207600000300000",12.492984164,51.347963371,2,2,2,Ost
127165,127166,14,7,13,000,2016,11,14,2,2,0,7,0,0,0,0,1,0,0,1,"734887,431100000050000","5699005,108799999600000",12.376498606,51.393578922,9,9,9,Nord
127167,127168,14,7,13,000,2016,11,14,7,3,1,1,0,1,0,1,0,0,0,0,"735878,450900000050000","5696089,518899999600000",12.388782378,51.366997109,9,9,9,Nord
127169,127170,14,7,13,000,2016,11,18,7,3,6,2,2,0,0,1,1,0,0,0,"734785,159899999970000","5693005,843700000100000",12.371070393,51.339769795,0,0,0,Mitte
127172,127173,14,7,13,000,2016,11,10,5,3,5,3,0,0,1,1,0,0,0,0,"735567,150499999990000","5692150,999599999700000",12.381712081,51.331773048,0,0,0,Mitte
127180,127181,14,7,13,000,2016,11,08,5,3,5,2,0,0,1,1,0,0,0,0,"736340,297999999950000","5694746,407999999800000",12.394512765,51.354749202,1,1,1,Nordost
127182,127183,14,7,13,000,2016,11,12,5,3,5,3,0,0,1,1,0,0,0,0,"729828,297000000020000","5689948,235899999700000",12.298055618,51.314346504,6,6,6,West
127183,127184,14,7,13,000,2016,11,09,7,3,2,2,0,1,0,1,0,0,0,0,"735627,780600000060000","5696711,045599999800000",12.385599728,51.372680095,9,9,9,Nord
127185,127186,14,7,13,000,2016,11,18,7,3,2,6,2,0,0,1,0,0,0,0,"735172,454099999970000","5693457,098299999700000",12.376918832,51.343660373,0,0,0,Mitte
127188,127189,14,7,13,000,2016,11,17,3,3,0,5,2,0,1,1,0,0,0,0,"734792,180900000040000","5689790,480399999800000",12.36905316,51.310904409,4,4,4,Süd
127197,127198,14,7,13,000,2016,11,23,7,3,6,4,2,1,0,1,1,0,0,0,"737305,157699999980000","5692934,439399999600000",12.4071369,51.338082844,3,3,3,Südost
127201,127202,14,7,13,000,2016,11,12,5,3,5,3,0,1,0,1,0,0,0,0,"737268,712999999990000","5693462,487999999900000",12.406966413,51.34283785,2,2,2,Ost
127202,127203,14,7,13,000,2016,11,14,3,3,5,3,0,0,0,1,0,0,1,0,"734571,472399999970000","5694870,599499999500000",12.369236654,51.356596794,9,9,9,Nord
127206,127207,14,7,13,000,2016,11,16,4,3,5,3,0,1,0,1,0,0,0,0,"733638,903000000050000","5695585,154000000100000",12.356335819,51.363395156,9,9,9,Nord
127208,127209,14,7,13,000,2016,11,09,7,3,5,3,0,0,0,1,0,0,0,0,"729487,586699999990000","5694825,841400000300000",12.296317262,51.358270746,7,7,7,Alt-West
127213,127214,14,7,13,000,2016,11,09,2,3,2,2,0,2,0,1,0,0,0,0,"727280,341499999980000","5688969,257500000300000",12.260932488,51.306580986,6,6,6,West
127214,127215,14,7,13,000,2016,11,05,5,3,8,1,2,1,0,1,0,0,0,0,"738908,998099999970000","5698122,963899999900000",12.433604528,51.383982498,1,1,1,Nordost
127215,127216,14,7,13,000,2016,11,17,3,3,6,4,2,0,0,1,1,0,0,0,"737159,307999999960000","5694838,148799999600000",12.406314913,51.355231511,1,1,1,Nordost
127218,127219,14,7,13,000,2016,11,18,4,3,3,6,2,1,1,1,0,0,0,0,"737506,567999999970000","5697032,699000000000000",12.412758622,51.374784739,1,1,1,Nordost
127221,127222,14,7,13,000,2016,11,00,7,3,6,4,2,0,0,1,1,0,0,0,"730749,947399999950000","5692046,831100000100000",12.312616068,51.33281261,7,7,7,Alt-West
127222,127223,14,7,13,000,2016,11,17,3,2,0,1,1,0,1,0,0,0,0,0,"739913,445100000010000","5693855,145399999800000",12.445133652,51.34525248,2,2,2,Ost
127233,127234,14,7,13,000,2016,11,23,4,3,8,1,2,1,0,1,0,0,0,0,"734802,714400000060000","5693059,317900000100000",12.371357227,51.340242552,0,0,0,Mitte
127239,127240,14,7,13,000,2016,11,15,2,3,2,6,0,0,0,1,0,0,0,0,"731895,526300000030000","5692973,213999999700000",12.329635164,51.340662652,7,7,7,Alt-West
127242,127243,14,7,13,000,2016,11,17,5,1,1,5,2,0,1,1,0,0,0,1,"735439,349000000050000","5693174,240000000200000",12.380557101,51.341010895,0,0,0,Mitte
127243,127244,14,7,13,000,2016,11,15,6,3,2,6,0,0,0,1,0,0,0,0,"735547,329900000010000","5692911,098500000300000",12.381930621,51.338604138,0,0,0,Mitte