FID_left,OBJECTID,ULAND,UREGBEZ,UKREIS,UGEMEINDE,UJAHR,UMONAT,USTUNDE,UWOCHENTAG,UKATEGORIE,UART,UTYP1,ULICHTVERH,IstStrasse,IstRad,IstPKW,IstFuss,IstKrad,IstGkfz,IstSonstig,LINREFX,LINREFY,XGCSWGS84,YGCSWGS84,index_right,FID_right,SBZ,Name
127247,127248,14,7,13,000,2016,11,22,3,2,5,3,2,1,0,1,0,0,0,0,"735506,174000000000000","5689738,733000000000000",12.379245054,51.310144958,4,4,4,Süd
127248,127249,14,7,13,000,2016,11,07,2,3,6,4,0,0,0,1,1,0,0,0,"738086,640000000010000","5697553,512199999800000",12.421426688,51.379216622,1,1,1,Nordost
127251,127252,14,7,13,000,2016,11,16,3,3,5,2,0,0,1,1,0,0,0,0,"741881,884100000020000","5692984,783200000400000",12.472753617,51.336606572,2,2,2,Ost
127252,127253,14,7,13,000,2016,11,14,2,3,5,3,0,0,1,1,0,0,0,0,"729084,656100000020000","5698858,457899999800000",12.293139179,51.39463439,8,8,8,Nordwest
127256,127257,14,7,13,000,2016,11,05,6,3,5,3,2,0,1,1,0,0,0,0,"735912,986299999990000","5688681,799599999600000",12.384372742,51.300489131,4,4,4,Süd
127260,127261,14,7,13,000,2016,11,15,2,3,5,2,0,0,1,1,0,0,0,0,"738825,946099999940000","5694805,115199999900000",12.430184733,51.354237115,1,1,1,Nordost
127262,127263,14,7,13,000,2016,11,18,3,2,5,3,1,0,1,1,0,0,0,0,"741877,822799999970000","5692523,604000000300000",12.472382336,51.332469005,2,2,2,Ost
127263,127264,14,7,13,000,2016,11,07,2,2,5,3,0,0,1,1,0,0,0,0,"734744,287000000010000","5690667,502299999800000",12.368944401,51.318796715,4,4,4,Süd
127267,127268,14,7,13,000,2016,11,09,6,3,1,7,0,1,0,1,0,0,0,0,"734727,639700000060000","5690179,933699999900000",12.368385034,51.314426942,4,4,4,Süd
127269,127270,14,7,13,000,2016,11,06,6,2,5,3,0,0,1,1,0,0,0,0,"740972,702999999980000","5698145,089999999900000",12.463221193,51.383308973,1,1,1,Nordost
127270,127271,14,7,13,000,2016,11,11,6,2,5,3,0,1,1,1,0,0,0,0,"735616,906500000040000","5689352,428100000100000",12.38057588,51.306631525,4,4,4,Süd
127274,127275,14,7,13,000,2016,11,13,6,3,1,7,0,0,0,1,0,0,0,0,"737117,892400000010000","5696378,683000000200000",12.406748102,51.369076686,1,1,1,Nordost
127275,127276,14,7,13,000,2016,11,09,2,3,0,7,0,0,0,1,0,0,0,1,"737289,543799999980000","5692936,565899999800000",12.406914563,51.338108447,3,3,3,Südost
127278,127279,14,7,13,000,2016,11,16,2,3,5,3,2,1,1,1,0,0,0,0,"732151,738999999940000","5692470,858000000000000",12.332979862,51.336048582,7,7,7,Alt-West
127280,127281,14,7,13,000,2016,11,13,6,2,5,3,0,0,0,1,0,0,0,0,"739926,244799999990000","5693561,210500000000000",12.445119052,51.342608807,2,2,2,Ost
127288,127289,14,7,13,000,2016,11,05,6,2,4,2,2,1,0,1,0,0,0,1,"740593,700199999960000","5700200,480399999800000",12.45917751,51.401917857,1,1,1,Nordost
127293,127294,14,7,13,000,2016,11,09,2,3,6,4,0,1,0,1,1,0,0,0,"731790,826800000040000","5690215,841699999800000",12.326341274,51.315952907,5,5,5,Südwest
127296,127297,14,7,13,000,2016,11,08,4,3,5,3,0,0,1,1,0,0,0,0,"734666,225699999950000","5692450,598299999700000",12.369000116,51.334834772,0,0,0,Mitte
127299,127300,14,7,13,000,2016,11,16,3,3,6,4,0,0,1,0,1,0,0,0,"735152,285400000050000","5693333,503600000400000",12.376548147,51.342559286,0,0,0,Mitte
127300,127301,14,7,13,000,2016,11,11,5,3,6,4,0,0,0,1,1,0,0,0,"734268,908999999990000","5695509,388399999600000",12.365319517,51.362455638,9,9,9,Nord
127302,127303,14,7,13,000,2016,11,16,3,3,5,2,0,0,1,1,0,0,0,0,"731268,986999999960000","5693463,784000000000000",12.320973945,51.345321599,7,7,7,Alt-West
127304,127305,14,7,13,000,2016,12,12,2,3,6,6,0,0,1,0,1,0,0,0,"741282,901199999960000","5686985,760300000200000",12.460113877,51.283016219,3,3,3,Südost
127311,127312,14,7,13,000,2016,11,12,5,3,1,5,0,0,1,1,0,0,0,0,"734380,768799999960000","5692000,149799999800000",12.364613223,51.330909043,0,0,0,Mitte
127313,127314,14,7,13,000,2016,11,16,3,3,5,2,1,0,1,1,0,0,0,0,"736728,204700000000000","5692718,706399999600000",12.39872553,51.336386855,3,3,3,Südost
127315,127316,14,7,13,000,2016,12,19,2,3,4,2,1,0,0,1,0,0,0,1,"738845,170000000040000","5689156,303000000300000",12.426674683,51.303525971,3,3,3,Südost
127317,127318,14,7,13,000,2016,12,06,6,3,2,2,1,1,0,1,0,0,0,0,"732610,721299999980000","5692396,467199999800000",12.339508849,51.335193257,7,7,7,Alt-West
127319,127320,14,7,13,000,2016,12,11,2,2,4,2,0,0,1,1,0,0,0,0,"735589,508999999960000","5692244,133999999600000",12.382094028,51.332599791,0,0,0,Mitte
127323,127324,14,7,13,000,2016,12,13,6,3,4,2,0,0,1,1,0,0,0,0,"740537,045799999960000","5689129,326299999800000",12.450882501,51.302571635,3,3,3,Südost
127328,127329,14,7,13,000,2016,11,07,3,3,3,2,0,0,1,1,0,0,0,0,"734057,687200000040000","5693025,316200000200000",12.360657379,51.340244486,0,0,0,Mitte
127329,127330,14,7,13,000,2016,12,17,2,3,0,1,1,2,0,0,0,1,0,0,"734651,150400000040000","5696517,870400000400000",12.371465735,51.371350404,9,9,9,Nord
127336,127337,14,7,13,000,2016,11,15,7,3,2,6,0,0,0,1,0,0,0,0,"736973,432599999940000","5693015,742399999900000",12.402437229,51.338950956,2,2,2,Ost
127338,127339,14,7,13,000,2016,12,11,2,3,4,2,0,0,1,1,0,0,0,0,"735399,243200000030000","5690887,807000000000000",12.378471958,51.320503703,4,4,4,Süd
127341,127342,14,7,13,000,2016,12,17,2,3,6,7,2,0,1,0,1,0,0,0,"734574,007300000060000","5693191,957700000100000",12.368166849,51.341527575,0,0,0,Mitte
127347,127348,14,7,13,000,2016,11,10,7,3,3,6,0,0,1,1,0,0,0,0,"735970,731000000030000","5691622,010999999900000",12.387144614,51.326857425,0,0,0,Mitte
127352,127353,14,7,13,000,2016,11,15,4,3,6,4,0,1,0,1,1,0,0,0,"737687,131700000030000","5692373,102000000000000",12.412236196,51.332884747,2,2,2,Ost
127358,127359,14,7,13,000,2016,12,05,1,3,5,3,2,0,0,1,0,0,0,0,"735404,659699999960000","5691393,726900000100000",12.378883603,51.325042779,0,0,0,Mitte
127361,127362,14,7,13,000,2016,11,18,7,2,6,4,1,0,0,1,1,0,0,0,"734786,870000000000000","5692624,875099999800000",12.370843792,51.336349361,0,0,0,Mitte
127369,127370,14,7,13,000,2016,11,17,5,3,3,2,2,0,1,1,0,0,0,0,"734718,994799999990000","5690210,860899999700000",12.36828156,51.314708124,4,4,4,Süd
127374,127375,14,7,13,000,2016,11,19,5,3,1,5,1,0,1,1,0,0,0,0,"734510,653000000050000","5694995,922600000200000",12.368447302,51.357746844,9,9,9,Nord
127377,127378,14,7,13,000,2016,11,13,7,3,2,6,0,0,0,1,0,0,0,0,"738654,259100000020000","5689261,200699999900000",12.424011107,51.304547579,3,3,3,Südost
127384,127385,14,7,13,000,2016,11,19,7,3,1,6,2,0,0,1,0,0,0,0,"735047,897600000030000","5691268,965599999800000",12.373690088,51.324070372,4,4,4,Süd
127396,127397,14,7,13,000,2016,12,15,1,3,5,3,0,0,0,1,0,0,0,0,"734025,609100000000000","5695770,242800000100000",12.362002564,51.364897446,9,9,9,Nord
127402,127403,14,7,13,000,2016,12,04,5,2,6,4,2,0,0,1,1,0,0,0,"737089,172999999950000","5691704,604700000000000",12.403223439,51.3271338,3,3,3,Südost
127408,127409,14,7,13,000,2016,12,06,3,3,5,3,2,0,1,1,0,0,0,0,"732687,805799999970000","5691861,573900000200000",12.340264193,51.330360152,5,5,5,Südwest
127411,127412,14,7,13,000,2016,12,15,3,3,6,2,0,0,0,1,1,0,0,0,"736088,708499999950000","5688053,259700000300000",12.386473282,51.294774329,4,4,4,Süd
127418,127419,14,7,13,000,2016,12,18,6,3,5,3,2,1,1,0,0,0,0,1,"734176,708899999970000","5692176,400999999600000",12.361805121,51.332575206,0,0,0,Mitte
127420,127421,14,7,13,000,2016,12,13,3,3,5,3,0,0,0,1,0,0,0,1,"731868,356299999980000","5690082,119099999800000",12.327364924,51.31472092,5,5,5,Südwest
127421,127422,14,7,13,000,2016,11,15,5,3,2,2,0,0,0,1,0,0,0,0,"729979,234500000020000","5694282,652900000100000",12.303015546,51.353195787,7,7,7,Alt-West
127433,127434,14,7,13,000,2016,12,20,6,3,5,3,2,1,0,1,0,0,0,0,"733871,372300000050000","5695332,123900000000000",12.35950283,51.361028197,9,9,9,Nord
127434,127435,14,7,13,000,2016,12,07,3,3,2,6,0,0,0,1,0,0,0,0,"734494,515299999970000","5690898,460699999700000",12.365518316,51.320972885,4,4,4,Süd
127443,127444,14,7,13,000,2016,12,09,5,3,5,3,0,1,1,1,0,0,0,0,"733758,820599999980000","5695444,000400000300000",12.357962554,51.362078769,9,9,9,Nord
127448,127449,14,7,13,000,2016,12,18,6,3,5,2,2,0,1,1,0,0,0,0,"731126,728499999970000","5691671,143299999600000",12.317771686,51.329287117,7,7,7,Alt-West
127452,127453,14,7,13,000,2016,11,14,6,3,5,3,0,0,1,1,0,0,0,0,"736571,618600000050000","5697169,643199999800000",12.399440821,51.376404176,1,1,1,Nordost
127457,127458,14,7,13,000,2016,11,06,2,3,1,5,2,0,0,1,0,1,0,0,"729276,808800000000000","5690399,830699999800000",12.290446061,51.318622977,6,6,6,West
127460,127461,14,7,13,000,2016,12,18,1,3,6,2,2,0,0,1,1,0,0,0,"732135,526700000050000","5692083,769700000100000",12.332495316,51.332580401,7,7,7,Alt-West
127462,127463,14,7,13,000,2016,11,15,2,2,2,6,0,0,0,1,0,0,0,0,"735205,530999999960000","5694043,239000000100000",12.377780125,51.348908083,0,0,0,Mitte
127465,127466,14,7,13,000,2016,12,16,1,2,6,4,2,0,0,1,1,0,0,0,"735675,341999999950000","5696276,707999999600000",12.38599392,51.368761655,9,9,9,Nord
127467,127468,14,7,13,000,2016,11,13,2,3,3,6,0,0,0,1,0,0,0,0,"731279,557999999960000","5697155,486999999700000",12.323525764,51.378457025,8,8,8,Nordwest
127472,127473,14,7,13,000,2016,11,16,2,3,6,4,2,0,0,1,1,0,0,0,"732441,107800000000000","5691689,015599999600000",12.336616712,51.328912004,5,5,5,Südwest
127473,127474,14,7,13,000,2016,11,16,6,3,6,4,1,0,1,0,1,0,0,0,"735045,827799999970000","5690878,544999999900000",12.373403045,51.320566654,4,4,4,Süd
127475,127476,14,7,13,000,2016,11,12,3,3,5,3,0,0,1,0,0,0,0,1,"731832,448899999960000","5691422,793700000300000",12.327722283,51.326770556,5,5,5,Südwest
127482,127483,14,7,13,000,2016,12,01,5,3,5,3,2,1,0,1,0,0,0,0,"737135,415099999980000","5694425,375000000000000",12.405697356,51.351536399,1,1,1,Nordost
127485,127486,14,7,13,000,2016,12,19,7,3,5,7,2,0,0,1,0,0,0,1,"735065,949299999980000","5690663,087100000100000",12.37354926,51.318624305,4,4,4,Süd
127487,127488,14,7,13,000,2016,11,16,2,3,6,7,1,0,0,1,1,0,0,0,"735247,785400000050000","5692877,621899999700000",12.377615754,51.338427635,0,0,0,Mitte
127488,127489,14,7,13,000,2016,11,10,6,3,5,3,0,0,1,1,0,0,0,0,"738866,135299999970000","5689632,191900000000000",12.427293418,51.307788722,3,3,3,Südost
127493,127494,14,7,13,000,2016,12,07,5,3,5,3,1,1,1,1,0,0,0,0,"734633,547499999990000","5690883,457999999600000",12.367500167,51.320780903,4,4,4,Süd
127495,127496,14,7,13,000,2016,11,10,6,3,5,3,0,0,1,1,0,0,0,0,"735544,450500000040000","5697396,589700000400000",12.384858956,51.378868252,9,9,9,Nord
127499,127500,14,7,13,000,2016,11,10,2,3,2,6,0,0,0,1,0,0,0,0,"737187,963800000030000","5693900,127100000200000",12.40610065,51.346799819,2,2,2,Ost
127507,127508,14,7,13,000,2016,12,18,4,3,5,3,2,1,0,1,0,0,0,0,"729100,747500000060000","5694615,341400000300000",12.290635083,51.356537155,7,7,7,Alt-West
127509,127510,14,7,13,000,2016,12,00,5,3,5,3,2,1,0,1,0,0,0,0,"731922,859000000050000","5688236,319000000100000",12.326946016,51.298129241,5,5,5,Südwest
127517,127518,14,7,13,000,2016,12,13,7,3,2,6,0,0,0,1,0,0,0,0,"733367,964500000000000","5691969,875799999600000",12.350080995,51.331053705,5,5,5,Südwest
127520,127521,14,7,13,000,2016,12,19,4,2,5,3,2,0,1,0,0,0,0,1,"735975,456200000020000","5695491,116299999900000",12.389776379,51.36158545,9,9,9,Nord
127521,127522,14,7,13,000,2016,11,18,4,3,5,3,2,0,1,1,0,0,0,0,"735174,254399999980000","5693485,868200000400000",12.376963636,51.343917877,0,0,0,Mitte
127529,127530,14,7,13,000,2016,12,16,4,3,4,6,2,0,1,0,0,0,0,0,"735666,633700000010000","5692885,516400000100000",12.383623425,51.338325078,0,0,0,Mitte
127530,127531,14,7,13,000,2016,12,06,7,2,0,1,2,0,1,0,0,0,0,0,"735412,413999999990000","5690419,496199999900000",12.378351482,51.316294526,4,4,4,Süd
127540,127541,14,7,13,000,2016,11,17,3,3,5,3,2,0,0,1,0,0,0,0,"736683,310999999990000","5693861,241999999600000",12.398841517,51.346661103,2,2,2,Ost
127542,127543,14,7,13,000,2016,12,10,4,3,2,6,0,0,1,0,0,0,0,1,"735872,941100000050000","5693485,699799999600000",12.38697746,51.343626942,0,0,0,Mitte
127545,127546,14,7,13,000,2016,12,18,7,3,6,7,2,0,0,1,1,0,0,0,"738876,407899999990000","5693557,877100000200000",12.430071195,51.343020909,2,2,2,Ost
127550,127551,14,7,13,000,2016,12,14,4,2,8,1,0,0,0,1,0,0,0,0,"739310,181600000010000","5697070,448099999700000",12.438650424,51.374366471,1,1,1,Nordost
127551,127552,14,7,13,000,2016,11,13,4,3,5,3,0,0,1,0,0,0,0,1,"737490,429800000040000","5693300,832399999700000",12.410036213,51.34129426,2,2,2,Ost
127553,127554,14,7,13,000,2016,12,17,4,2,5,3,2,0,1,1,0,0,0,0,"736758,353400000020000","5699845,337799999900000",12.403902634,51.40034347,9,9,9,Nord
127554,127555,14,7,13,000,2016,11,18,4,3,1,7,2,0,0,1,0,0,0,0,"733996,357100000020000","5695515,323599999800000",12.361415399,51.362621225,9,9,9,Nord
127558,127559,14,7,13,000,2016,11,17,3,3,3,6,2,0,1,1,0,0,0,0,"735005,902200000010000","5691918,574900000400000",12.373516747,51.329918872,0,0,0,Mitte
127562,127563,14,7,13,000,2016,11,13,3,3,1,5,0,0,1,0,0,0,0,1,"732485,344099999990000","5691818,748700000300000",12.337335186,51.330058505,5,5,5,Südwest
127565,127566,14,7,13,000,2016,11,09,4,3,2,6,0,0,0,1,0,1,0,0,"731081,585399999980000","5693987,900500000500000",12.318627951,51.350102725,7,7,7,Alt-West
127571,127572,14,7,13,000,2016,11,10,3,3,6,4,0,0,0,1,1,0,0,0,"740170,562599999950000","5693909,081000000200000",12.448855037,51.345628033,2,2,2,Ost
127572,127573,14,7,13,000,2016,11,01,1,3,1,1,2,1,1,1,0,0,0,0,"737875,959999999960000","5692722,685800000100000",12.41517525,51.335943673,2,2,2,Ost
127580,127581,14,7,13,000,2016,12,22,7,3,5,3,2,0,0,1,0,0,0,0,"735119,183500000040000","5693980,549900000000000",12.376500999,51.348381085,0,0,0,Mitte
127584,127585,14,7,13,000,2016,11,13,3,2,5,2,0,0,1,0,0,0,0,1,"741844,363400000030000","5695462,908699999600000",12.473899393,51.358864773,2,2,2,Ost
127593,127594,14,7,13,000,2016,12,10,2,3,2,6,0,1,0,1,0,0,0,0,"729078,471099999970000","5690866,887000000100000",12.287904743,51.322895706,6,6,6,West
127596,127597,14,7,13,000,2016,12,07,2,3,6,2,0,0,0,1,1,0,0,0,"735312,390999999950000","5689751,403400000200000",12.37647803,51.310338831,4,4,4,Süd
127597,127598,14,7,13,000,2016,12,11,6,3,2,6,0,0,0,1,0,0,0,0,"732859,315799999980000","5690558,417700000100000",12.341870503,51.318591942,5,5,5,Südwest
127598,127599,14,7,13,000,2016,11,11,3,3,1,5,0,0,1,1,0,0,0,0,"735036,803700000050000","5691222,083399999900000",12.373500242,51.323654122,4,4,4,Süd
127602,127603,14,7,13,000,2016,12,00,7,3,9,1,2,2,0,0,0,0,0,1,"740974,579099999970000","5687936,261400000200000",12.456342158,51.291678092,3,3,3,Südost
127605,127606,14,7,13,000,2016,12,17,5,3,6,2,2,1,0,0,1,0,1,0,"734795,821000000000000","5692483,376699999900000",12.370878806,51.335075518,0,0,0,Mitte
127614,127615,14,7,13,000,2016,12,17,2,3,0,7,2,0,0,1,0,0,0,0,"735183,735400000010000","5688966,597099999900000",12.37411816,51.303347248,4,4,4,Süd
127620,127621,14,7,13,000,2016,12,16,3,3,3,2,2,0,1,1,0,0,0,0,"732948,365499999960000","5691088,915400000300000",12.343492754,51.323317607,5,5,5,Südwest
127642,127643,14,7,13,000,2016,12,14,3,2,5,3,0,0,0,1,0,0,0,0,"739920,417999999950000","5693960,330400000300000",12.445304465,51.346193647,2,2,2,Ost
127649,127650,14,7,13,000,2016,12,07,3,3,2,6,1,0,0,1,0,0,0,0,"738213,581699999980000","5694635,454900000200000",12.421292827,51.352971245,1,1,1,Nordost
127653,127654,14,7,13,000,2016,12,16,3,3,2,6,1,1,0,1,0,0,0,0,"733129,595300000040000","5694141,590699999600000",12.348086977,51.350646101,0,0,0,Mitte
127657,127658,14,7,13,000,2016,12,18,4,3,3,2,0,1,1,1,0,0,0,0,"734770,864199999950000","5693726,795400000200000",12.371340822,51.346247244,0,0,0,Mitte
127660,127661,14,7,13,000,2016,12,19,2,3,5,3,2,0,0,1,0,0,0,0,"737184,967399999960000","5693840,985600000200000",12.406018303,51.346270211,2,2,2,Ost
127666,127667,14,7,13,000,2016,12,21,2,3,0,7,2,0,1,1,0,0,0,0,"735537,118000000020000","5692915,139999999700000",12.381786948,51.338644646,0,0,0,Mitte
127673,127674,14,7,13,000,2016,12,18,6,3,2,6,2,0,1,1,0,0,0,0,"735051,598800000040000","5691097,394100000200000",12.373629993,51.322528749,4,4,4,Süd
127674,127675,14,7,13,000,2016,12,07,2,3,5,3,2,1,1,1,0,0,0,0,"735883,783900000040000","5692599,278199999600000",12.386545812,51.335665699,0,0,0,Mitte
127679,127680,14,7,13,000,2016,12,04,5,3,5,3,2,0,1,1,0,0,0,0,"737374,250899999980000","5693158,176799999500000",12.408276135,51.340062288,2,2,2,Ost
127681,127682,14,7,13,000,2016,12,07,2,3,5,3,0,1,0,1,0,0,0,0,"737406,506999999980000","5693749,980000000400000",12.409132927,51.345360873,2,2,2,Ost
127684,127685,14,7,13,000,2016,12,12,4,3,5,3,0,0,1,1,0,0,0,0,"735169,888400000050000","5693584,531600000300000",12.376966221,51.344805319,0,0,0,Mitte
127685,127686,14,7,13,000,2016,12,11,6,3,6,2,0,0,0,1,1,0,0,0,"735970,690999999990000","5696574,661999999500000",12.390427028,51.371313533,9,9,9,Nord
127687,127688,14,7,13,000,2016,12,19,4,3,5,3,2,0,0,1,0,0,0,0,"731773,145499999980000","5690161,143899999600000",12.32605245,51.315469094,5,5,5,Südwest
127688,127689,14,7,13,000,2016,12,00,6,3,5,3,2,0,1,1,0,0,0,0,"734478,499900000050000","5693077,531700000200000",12.366722698,51.34053983,0,0,0,Mitte
127689,127690,14,7,13,000,2016,12,17,2,3,5,2,2,0,1,1,0,0,0,0,"735543,436600000020000","5692463,159599999900000",12.38157865,51.334584914,0,0,0,Mitte
127691,127692,14,7,13,000,2016,12,17,5,3,0,7,2,0,0,1,1,0,0,0,"728271,065999999990000","5690907,709300000200000",12.276362777,51.323586682,6,6,6,West
127693,127694,14,7,13,000,2016,12,07,4,3,3,6,1,0,0,1,0,0,0,0,"735151,805399999950000","5693640,467199999800000",12.376743981,51.345314895,0,0,0,Mitte
127694,127695,14,7,13,000,2016,12,19,2,2,4,2,2,0,1,1,0,0,0,0,"742271,999900000050000","5694562,864000000100000",12.479417161,51.3506044,2,2,2,Ost
127697,127698,14,7,13,000,2016,12,09,4,3,5,2,0,1,0,1,0,0,0,1,"743686,221999999950000","5693013,689000000200000",12.498627025,51.336095769,2,2,2,Ost
127698,127699,14,7,13,000,2016,12,12,6,3,2,2,0,0,0,1,0,0,0,0,"739811,082500000020000","5694824,781800000000000",12.444319806,51.353998835,2,2,2,Ost
127703,127704,14,7,13,000,2016,12,07,4,3,6,2,2,1,0,1,1,0,0,0,"731833,113099999960000","5691429,814600000200000",12.327736367,51.326833311,5,5,5,Südwest
127708,127709,14,7,13,000,2016,12,10,2,2,6,4,0,1,0,1,1,0,0,0,"736692,376200000060000","5689655,850399999900000",12.396178707,51.308909009,4,4,4,Süd
127711,127712,14,7,13,000,2016,12,12,4,3,5,3,0,0,0,1,0,0,0,1,"734874,202000000050000","5694490,373999999800000",12.373325829,51.353058722,0,0,0,Mitte
127718,127719,14,7,13,000,2016,12,14,4,3,4,1,0,0,0,1,0,0,0,0,"740296,579000000030000","5701210,625000000000000",12.455598068,51.411110328,9,9,9,Nord
127721,127722,14,7,13,000,2016,12,08,2,3,0,5,1,1,1,0,0,0,0,1,"734844,531500000040000","5692658,811700000400000",12.371692474,51.336630182,0,0,0,Mitte
127723,127724,14,7,13,000,2016,12,16,4,3,3,2,0,0,1,1,0,0,0,0,"735115,969300000000000","5689400,006799999600000",12.373433284,51.307265708,4,4,4,Süd
127725,127726,14,7,13,000,2016,12,09,2,3,5,3,0,1,1,1,0,0,0,0,"733249,023599999960000","5691689,913800000200000",12.348193449,51.328589376,5,5,5,Südwest
127727,127728,14,7,13,000,2016,12,07,4,3,6,6,2,0,0,1,1,0,0,0,"730770,045700000020000","5689521,778099999800000",12.311269738,51.310137136,5,5,5,Südwest
127751,127752,14,7,13,000,2016,12,15,6,3,3,6,0,0,0,1,0,1,0,0,"734796,455199999970000","5692417,415699999800000",12.370844423,51.334483163,0,0,0,Mitte
127754,127755,14,7,13,000,2016,12,16,4,2,6,1,2,1,0,1,1,0,0,0,"737446,271100000010000","5696967,667799999900000",12.411850419,51.374226233,1,1,1,Nordost
127758,127759,14,7,13,000,2016,12,12,6,2,1,1,0,0,0,1,0,0,0,0,"740974,650900000010000","5689731,155899999700000",12.457554742,51.30778842,3,3,3,Südost
127762,127763,14,7,13,000,2016,12,17,2,3,0,2,2,0,1,1,0,0,0,0,"736236,844000000040000","5693697,804999999700000",12.392333757,51.345379759,0,0,0,Mitte
127764,127765,14,7,13,000,2016,12,14,6,3,2,6,0,0,0,1,0,0,0,0,"735321,590899999950000","5692627,148400000300000",12.378507989,51.336148765,0,0,0,Mitte
127767,127768,14,7,13,000,2016,12,13,6,2,1,5,0,0,1,1,0,0,0,0,"734836,477500000040000","5693054,645399999800000",12.371838024,51.340186667,0,0,0,Mitte
127769,127770,14,7,13,000,2016,12,11,4,3,3,6,0,1,0,1,0,1,0,0,"739920,305300000010000","5693957,761699999700000",12.445301119,51.346170638,2,2,2,Ost
127780,127781,14,7,13,000,2016,12,15,4,3,5,3,0,1,0,1,0,0,0,0,"742285,124500000030000","5694030,411500000400000",12.479242912,51.345819848,2,2,2,Ost
127784,127785,14,7,13,000,2016,12,16,2,3,4,2,2,1,1,1,0,0,0,0,"737387,415999999970000","5691589,217000000200000",12.407419508,51.325973702,3,3,3,Südost
127785,127786,14,7,13,000,2016,12,15,4,2,5,3,0,1,1,1,0,0,0,0,"729610,868000000020000","5694199,566100000400000",12.297680793,51.352598846,7,7,7,Alt-West
127791,127792,14,7,13,000,2016,12,08,2,2,5,3,0,1,1,0,0,0,0,1,"733397,785200000040000","5692071,195500000400000",12.35057466,51.331950977,5,5,5,Südwest
127793,127794,14,7,13,000,2016,12,08,4,3,5,3,0,1,0,1,0,0,0,0,"739002,664499999960000","5692201,065499999600000",12.430970344,51.330789326,2,2,2,Ost
127798,127799,14,7,13,000,2016,12,18,5,2,6,7,2,0,0,1,0,0,0,1,"727779,209200000040000","5689136,782900000000000",12.26818451,51.307885548,6,6,6,West
127801,127802,14,7,13,000,2016,12,18,5,3,5,3,2,0,1,1,0,0,0,0,"735332,764300000040000","5692188,911100000100000",12.378378643,51.332210375,0,0,0,Mitte
127807,127808,14,7,13,000,2016,12,12,4,2,0,7,0,0,0,0,1,0,0,1,"735728,212399999960000","5689103,058799999800000",12.382005168,51.304347023,4,4,4,Süd
127812,127813,14,7,13,000,2016,12,17,5,3,5,3,1,0,0,1,0,0,0,0,"734624,609500000020000","5694792,732699999600000",12.369947122,51.355875896,9,9,9,Nord
127818,127819,14,7,13,000,2016,12,09,2,2,6,4,0,0,0,0,1,0,0,1,"735003,925999999980000","5691772,116399999700000",12.373391856,51.328605019,0,0,0,Mitte
127825,127826,14,7,13,000,2016,12,14,5,2,3,2,0,0,0,1,0,0,0,1,"740915,625800000040000","5695193,116899999800000",12.460402329,51.356837738,2,2,2,Ost
127830,127831,14,7,13,000,2016,12,14,7,3,2,6,0,0,0,1,0,0,0,0,"734578,742899999950000","5691400,037200000100000",12.367054961,51.325440553,4,4,4,Süd
127834,127835,14,7,13,000,2016,12,14,3,3,5,3,0,0,0,1,0,0,0,0,"737406,506999999980000","5693749,980000000400000",12.409132927,51.345360873,2,2,2,Ost
127839,127840,14,7,13,000,2016,12,11,3,3,5,7,0,0,1,0,0,0,1,0,"737847,029699999960000","5691584,064700000000000",12.414000729,51.325735497,3,3,3,Südost
127849,127850,14,7,13,000,2016,12,19,3,3,5,3,2,0,1,1,0,0,0,0,"736343,258599999940000","5692762,807300000500000",12.393238501,51.336942816,0,0,0,Mitte
127852,127853,14,7,13,000,2016,12,10,3,3,5,3,0,0,0,1,0,0,0,0,"736469,253000000030000","5693785,740000000200000",12.395723235,51.346072461,2,2,2,Ost
127856,127857,14,7,13,000,2016,12,21,3,2,4,2,1,1,0,0,0,1,0,1,"731389,264500000050000","5696695,025100000200000",12.324799637,51.374278874,8,8,8,Nordwest
127864,127865,14,7,13,000,2016,12,16,3,2,6,4,2,0,0,1,1,0,0,0,"732180,003400000050000","5696295,315100000200000",12.335879951,51.370368101,8,8,8,Nordwest
127867,127868,14,7,13,000,2016,12,20,3,3,2,6,2,1,0,1,0,0,0,0,"736703,026700000050000","5689600,922600000200000",12.396294799,51.308411537,4,4,4,Süd
127877,127878,14,7,13,000,2016,12,14,7,3,2,6,0,0,0,1,0,0,0,0,"733158,728400000020000","5690590,510700000500000",12.346180633,51.318757435,5,5,5,Südwest
127882,127883,14,7,13,000,2016,12,18,7,3,2,6,2,0,0,1,0,0,0,0,"728936,982500000040000","5690774,233099999800000",12.285818082,51.322120881,6,6,6,West
127898,127899,14,7,13,000,2016,12,13,6,3,6,2,0,0,0,1,1,0,0,0,"736237,059499999970000","5694036,949799999600000",12.392561881,51.348423898,0,0,0,Mitte
127899,127900,14,7,13,000,2016,12,05,5,2,9,1,2,2,0,1,0,0,0,0,"728960,941800000030000","5690791,772800000400000",12.286172614,51.322268698,6,6,6,West